ProblemId,Map,Episode,Iteration,Action,Done,Reward,CumulativeReward,PrevLocationX,PrevLocationY,NewLocationX,NewLocationY
0,4x4-base,1,1,down,False,0,0,0,1,0,2
0,4x4-base,1,2,down,True,1,1,0,2,0,3
0,4x4-base,2,1,down,False,0,1,0,1,0,2
0,4x4-base,2,2,down,True,1,2,0,2,0,3
0,4x4-base,3,1,down,False,0,2,0,1,0,2
0,4x4-base,3,2,down,True,1,3,0,2,0,3
0,4x4-base,4,1,down,False,0,3,0,1,0,2
0,4x4-base,4,2,down,True,1,4,0,2,0,3
0,4x4-base,5,1,down,False,0,4,0,1,0,2
0,4x4-base,5,2,down,True,1,5,0,2,0,3
0,4x4-base,6,1,down,False,0,5,0,1,0,2
0,4x4-base,6,2,down,True,1,6,0,2,0,3
0,4x4-base,7,1,down,False,0,6,0,1,0,2
0,4x4-base,7,2,down,True,1,7,0,2,0,3
0,4x4-base,8,1,down,False,0,7,0,1,0,2
0,4x4-base,8,2,down,True,1,8,0,2,0,3
0,4x4-base,9,1,down,False,0,8,0,1,0,2
0,4x4-base,9,2,down,True,1,9,0,2,0,3
0,4x4-base,10,1,down,False,0,9,0,1,0,2
0,4x4-base,10,2,down,True,1,10,0,2,0,3
0,4x4-base,11,1,down,False,0,10,0,1,0,2
0,4x4-base,11,2,down,True,1,11,0,2,0,3
0,4x4-base,12,1,down,False,0,11,0,1,0,2
0,4x4-base,12,2,down,True,1,12,0,2,0,3
0,4x4-base,13,1,down,False,0,12,0,1,0,2
0,4x4-base,13,2,down,True,1,13,0,2,0,3
0,4x4-base,14,1,down,False,0,13,0,1,0,2
0,4x4-base,14,2,down,True,1,14,0,2,0,3
0,4x4-base,15,1,down,False,0,14,0,1,0,2
0,4x4-base,15,2,down,True,1,15,0,2,0,3
0,4x4-base,16,1,down,False,0,15,0,1,0,2
0,4x4-base,16,2,down,True,1,16,0,2,0,3
0,4x4-base,17,1,down,False,0,16,0,1,0,2
0,4x4-base,17,2,down,True,1,17,0,2,0,3
0,4x4-base,18,1,down,False,0,17,0,1,0,2
0,4x4-base,18,2,down,True,1,18,0,2,0,3
0,4x4-base,19,1,down,False,0,18,0,1,0,2
0,4x4-base,19,2,down,True,1,19,0,2,0,3
0,4x4-base,20,1,down,False,0,19,0,1,0,2
0,4x4-base,20,2,down,True,1,20,0,2,0,3
0,4x4-base,21,1,down,False,0,20,0,1,0,2
0,4x4-base,21,2,down,True,1,21,0,2,0,3
0,4x4-base,22,1,down,False,0,21,0,1,0,2
0,4x4-base,22,2,down,True,1,22,0,2,0,3
0,4x4-base,23,1,down,False,0,22,0,1,0,2
0,4x4-base,23,2,down,True,1,23,0,2,0,3
0,4x4-base,24,1,down,False,0,23,0,1,0,2
0,4x4-base,24,2,down,True,1,24,0,2,0,3
0,4x4-base,25,1,down,False,0,24,0,1,0,2
0,4x4-base,25,2,down,True,1,25,0,2,0,3
0,4x4-base,26,1,down,False,0,25,0,1,0,2
0,4x4-base,26,2,down,True,1,26,0,2,0,3
0,4x4-base,27,1,down,False,0,26,0,1,0,2
0,4x4-base,27,2,down,True,1,27,0,2,0,3
0,4x4-base,28,1,down,False,0,27,0,1,0,2
0,4x4-base,28,2,down,True,1,28,0,2,0,3
0,4x4-base,29,1,down,False,0,28,0,1,0,2
0,4x4-base,29,2,down,True,1,29,0,2,0,3
0,4x4-base,30,1,down,False,0,29,0,1,0,2
0,4x4-base,30,2,down,True,1,30,0,2,0,3
0,4x4-base,31,1,down,False,0,30,0,1,0,2
0,4x4-base,31,2,down,True,1,31,0,2,0,3
0,4x4-base,32,1,down,False,0,31,0,1,0,2
0,4x4-base,32,2,down,True,1,32,0,2,0,3
0,4x4-base,33,1,down,False,0,32,0,1,0,2
0,4x4-base,33,2,down,True,1,33,0,2,0,3
0,4x4-base,34,1,down,False,0,33,0,1,0,2
0,4x4-base,34,2,down,True,1,34,0,2,0,3
0,4x4-base,35,1,down,False,0,34,0,1,0,2
0,4x4-base,35,2,down,True,1,35,0,2,0,3
0,4x4-base,36,1,down,False,0,35,0,1,0,2
0,4x4-base,36,2,down,True,1,36,0,2,0,3
0,4x4-base,37,1,down,False,0,36,0,1,0,2
0,4x4-base,37,2,down,True,1,37,0,2,0,3
0,4x4-base,38,1,down,False,0,37,0,1,0,2
0,4x4-base,38,2,down,True,1,38,0,2,0,3
0,4x4-base,39,1,down,False,0,38,0,1,0,2
0,4x4-base,39,2,down,True,1,39,0,2,0,3
0,4x4-base,40,1,down,False,0,39,0,1,0,2
0,4x4-base,40,2,down,True,1,40,0,2,0,3
0,4x4-base,41,1,down,False,0,40,0,1,0,2
0,4x4-base,41,2,down,True,1,41,0,2,0,3
0,4x4-base,42,1,down,False,0,41,0,1,0,2
0,4x4-base,42,2,down,True,1,42,0,2,0,3
0,4x4-base,43,1,down,False,0,42,0,1,0,2
0,4x4-base,43,2,down,True,1,43,0,2,0,3
0,4x4-base,44,1,down,False,0,43,0,1,0,2
0,4x4-base,44,2,down,True,1,44,0,2,0,3
0,4x4-base,45,1,down,False,0,44,0,1,0,2
0,4x4-base,45,2,down,True,1,45,0,2,0,3
0,4x4-base,46,1,down,False,0,45,0,1,0,2
0,4x4-base,46,2,down,True,1,46,0,2,0,3
0,4x4-base,47,1,down,False,0,46,0,1,0,2
0,4x4-base,47,2,down,True,1,47,0,2,0,3
0,4x4-base,48,1,down,False,0,47,0,1,0,2
0,4x4-base,48,2,down,True,1,48,0,2,0,3
0,4x4-base,49,1,down,False,0,48,0,1,0,2
0,4x4-base,49,2,down,True,1,49,0,2,0,3
0,4x4-base,50,1,down,False,0,49,0,1,0,2
0,4x4-base,50,2,down,True,1,50,0,2,0,3
0,4x4-base,51,1,down,False,0,50,0,1,0,2
0,4x4-base,51,2,down,True,1,51,0,2,0,3
0,4x4-base,52,1,down,False,0,51,0,1,0,2
0,4x4-base,52,2,down,True,1,52,0,2,0,3
0,4x4-base,53,1,down,False,0,52,0,1,0,2
0,4x4-base,53,2,down,True,1,53,0,2,0,3
0,4x4-base,54,1,down,False,0,53,0,1,0,2
0,4x4-base,54,2,down,True,1,54,0,2,0,3
0,4x4-base,55,1,down,False,0,54,0,1,0,2
0,4x4-base,55,2,down,True,1,55,0,2,0,3
0,4x4-base,56,1,down,False,0,55,0,1,0,2
0,4x4-base,56,2,down,True,1,56,0,2,0,3
0,4x4-base,57,1,down,False,0,56,0,1,0,2
0,4x4-base,57,2,down,True,1,57,0,2,0,3
0,4x4-base,58,1,down,False,0,57,0,1,0,2
0,4x4-base,58,2,down,True,1,58,0,2,0,3
0,4x4-base,59,1,down,False,0,58,0,1,0,2
0,4x4-base,59,2,down,True,1,59,0,2,0,3
0,4x4-base,60,1,down,False,0,59,0,1,0,2
0,4x4-base,60,2,down,True,1,60,0,2,0,3
0,4x4-base,61,1,down,False,0,60,0,1,0,2
0,4x4-base,61,2,down,True,1,61,0,2,0,3
0,4x4-base,62,1,down,False,0,61,0,1,0,2
0,4x4-base,62,2,down,True,1,62,0,2,0,3
0,4x4-base,63,1,down,False,0,62,0,1,0,2
0,4x4-base,63,2,down,True,1,63,0,2,0,3
0,4x4-base,64,1,down,False,0,63,0,1,0,2
0,4x4-base,64,2,down,True,1,64,0,2,0,3
0,4x4-base,65,1,down,False,0,64,0,1,0,2
0,4x4-base,65,2,down,True,1,65,0,2,0,3
0,4x4-base,66,1,down,False,0,65,0,1,0,2
0,4x4-base,66,2,down,True,1,66,0,2,0,3
0,4x4-base,67,1,down,False,0,66,0,1,0,2
0,4x4-base,67,2,down,True,1,67,0,2,0,3
0,4x4-base,68,1,down,False,0,67,0,1,0,2
0,4x4-base,68,2,down,True,1,68,0,2,0,3
0,4x4-base,69,1,down,False,0,68,0,1,0,2
0,4x4-base,69,2,down,True,1,69,0,2,0,3
0,4x4-base,70,1,down,False,0,69,0,1,0,2
0,4x4-base,70,2,down,True,1,70,0,2,0,3
0,4x4-base,71,1,down,False,0,70,0,1,0,2
0,4x4-base,71,2,down,True,1,71,0,2,0,3
0,4x4-base,72,1,down,False,0,71,0,1,0,2
0,4x4-base,72,2,down,True,1,72,0,2,0,3
0,4x4-base,73,1,down,False,0,72,0,1,0,2
0,4x4-base,73,2,down,True,1,73,0,2,0,3
0,4x4-base,74,1,down,False,0,73,0,1,0,2
0,4x4-base,74,2,down,True,1,74,0,2,0,3
0,4x4-base,75,1,down,False,0,74,0,1,0,2
0,4x4-base,75,2,down,True,1,75,0,2,0,3
0,4x4-base,76,1,down,False,0,75,0,1,0,2
0,4x4-base,76,2,down,True,1,76,0,2,0,3
0,4x4-base,77,1,down,False,0,76,0,1,0,2
0,4x4-base,77,2,down,True,1,77,0,2,0,3
0,4x4-base,78,1,down,False,0,77,0,1,0,2
0,4x4-base,78,2,down,True,1,78,0,2,0,3
0,4x4-base,79,1,down,False,0,78,0,1,0,2
0,4x4-base,79,2,down,True,1,79,0,2,0,3
0,4x4-base,80,1,down,False,0,79,0,1,0,2
0,4x4-base,80,2,down,True,1,80,0,2,0,3
0,4x4-base,81,1,down,False,0,80,0,1,0,2
0,4x4-base,81,2,down,True,1,81,0,2,0,3
0,4x4-base,82,1,down,False,0,81,0,1,0,2
0,4x4-base,82,2,down,True,1,82,0,2,0,3
0,4x4-base,83,1,down,False,0,82,0,1,0,2
0,4x4-base,83,2,down,True,1,83,0,2,0,3
0,4x4-base,84,1,down,False,0,83,0,1,0,2
0,4x4-base,84,2,down,True,1,84,0,2,0,3
0,4x4-base,85,1,down,False,0,84,0,1,0,2
0,4x4-base,85,2,down,True,1,85,0,2,0,3
0,4x4-base,86,1,down,False,0,85,0,1,0,2
0,4x4-base,86,2,down,True,1,86,0,2,0,3
0,4x4-base,87,1,down,False,0,86,0,1,0,2
0,4x4-base,87,2,down,True,1,87,0,2,0,3
0,4x4-base,88,1,down,False,0,87,0,1,0,2
0,4x4-base,88,2,down,True,1,88,0,2,0,3
0,4x4-base,89,1,down,False,0,88,0,1,0,2
0,4x4-base,89,2,down,True,1,89,0,2,0,3
0,4x4-base,90,1,down,False,0,89,0,1,0,2
0,4x4-base,90,2,down,True,1,90,0,2,0,3
0,4x4-base,91,1,down,False,0,90,0,1,0,2
0,4x4-base,91,2,down,True,1,91,0,2,0,3
0,4x4-base,92,1,down,False,0,91,0,1,0,2
0,4x4-base,92,2,down,True,1,92,0,2,0,3
0,4x4-base,93,1,down,False,0,92,0,1,0,2
0,4x4-base,93,2,down,True,1,93,0,2,0,3
0,4x4-base,94,1,down,False,0,93,0,1,0,2
0,4x4-base,94,2,down,True,1,94,0,2,0,3
0,4x4-base,95,1,down,False,0,94,0,1,0,2
0,4x4-base,95,2,down,True,1,95,0,2,0,3
0,4x4-base,96,1,down,False,0,95,0,1,0,2
0,4x4-base,96,2,down,True,1,96,0,2,0,3
0,4x4-base,97,1,down,False,0,96,0,1,0,2
0,4x4-base,97,2,down,True,1,97,0,2,0,3
0,4x4-base,98,1,down,False,0,97,0,1,0,2
0,4x4-base,98,2,down,True,1,98,0,2,0,3
0,4x4-base,99,1,down,False,0,98,0,1,0,2
0,4x4-base,99,2,down,True,1,99,0,2,0,3
0,4x4-base,100,1,down,False,0,99,0,1,0,2
0,4x4-base,100,2,down,True,1,100,0,2,0,3
0,4x4-base,101,1,down,False,0,100,0,1,0,2
0,4x4-base,101,2,down,True,1,101,0,2,0,3
0,4x4-base,102,1,down,False,0,101,0,1,0,2
0,4x4-base,102,2,down,True,1,102,0,2,0,3
0,4x4-base,103,1,down,False,0,102,0,1,0,2
0,4x4-base,103,2,down,True,1,103,0,2,0,3
0,4x4-base,104,1,down,False,0,103,0,1,0,2
0,4x4-base,104,2,down,True,1,104,0,2,0,3
0,4x4-base,105,1,down,False,0,104,0,1,0,2
0,4x4-base,105,2,down,True,1,105,0,2,0,3
0,4x4-base,106,1,down,False,0,105,0,1,0,2
0,4x4-base,106,2,down,True,1,106,0,2,0,3
0,4x4-base,107,1,down,False,0,106,0,1,0,2
0,4x4-base,107,2,down,True,1,107,0,2,0,3
0,4x4-base,108,1,down,False,0,107,0,1,0,2
0,4x4-base,108,2,down,True,1,108,0,2,0,3
0,4x4-base,109,1,down,False,0,108,0,1,0,2
0,4x4-base,109,2,down,True,1,109,0,2,0,3
0,4x4-base,110,1,down,False,0,109,0,1,0,2
0,4x4-base,110,2,down,True,1,110,0,2,0,3
0,4x4-base,111,1,down,False,0,110,0,1,0,2
0,4x4-base,111,2,down,True,1,111,0,2,0,3
0,4x4-base,112,1,down,False,0,111,0,1,0,2
0,4x4-base,112,2,down,True,1,112,0,2,0,3
0,4x4-base,113,1,down,False,0,112,0,1,0,2
0,4x4-base,113,2,down,True,1,113,0,2,0,3
0,4x4-base,114,1,down,False,0,113,0,1,0,2
0,4x4-base,114,2,down,True,1,114,0,2,0,3
0,4x4-base,115,1,down,False,0,114,0,1,0,2
0,4x4-base,115,2,down,True,1,115,0,2,0,3
0,4x4-base,116,1,down,False,0,115,0,1,0,2
0,4x4-base,116,2,down,True,1,116,0,2,0,3
0,4x4-base,117,1,down,False,0,116,0,1,0,2
0,4x4-base,117,2,down,True,1,117,0,2,0,3
0,4x4-base,118,1,down,False,0,117,0,1,0,2
0,4x4-base,118,2,down,True,1,118,0,2,0,3
0,4x4-base,119,1,down,False,0,118,0,1,0,2
0,4x4-base,119,2,down,True,1,119,0,2,0,3
0,4x4-base,120,1,down,False,0,119,0,1,0,2
0,4x4-base,120,2,down,True,1,120,0,2,0,3
0,4x4-base,121,1,down,False,0,120,0,1,0,2
0,4x4-base,121,2,down,True,1,121,0,2,0,3
0,4x4-base,122,1,down,False,0,121,0,1,0,2
0,4x4-base,122,2,down,True,1,122,0,2,0,3
0,4x4-base,123,1,down,False,0,122,0,1,0,2
0,4x4-base,123,2,down,True,1,123,0,2,0,3
0,4x4-base,124,1,down,False,0,123,0,1,0,2
0,4x4-base,124,2,down,True,1,124,0,2,0,3
0,4x4-base,125,1,down,False,0,124,0,1,0,2
0,4x4-base,125,2,down,True,1,125,0,2,0,3
0,4x4-base,126,1,down,False,0,125,0,1,0,2
0,4x4-base,126,2,down,True,1,126,0,2,0,3
0,4x4-base,127,1,down,False,0,126,0,1,0,2
0,4x4-base,127,2,down,True,1,127,0,2,0,3
0,4x4-base,128,1,down,False,0,127,0,1,0,2
0,4x4-base,128,2,down,True,1,128,0,2,0,3
0,4x4-base,129,1,down,False,0,128,0,1,0,2
0,4x4-base,129,2,down,True,1,129,0,2,0,3
0,4x4-base,130,1,down,False,0,129,0,1,0,2
0,4x4-base,130,2,down,True,1,130,0,2,0,3
0,4x4-base,131,1,down,False,0,130,0,1,0,2
0,4x4-base,131,2,down,True,1,131,0,2,0,3
0,4x4-base,132,1,down,False,0,131,0,1,0,2
0,4x4-base,132,2,down,True,1,132,0,2,0,3
0,4x4-base,133,1,down,False,0,132,0,1,0,2
0,4x4-base,133,2,down,True,1,133,0,2,0,3
0,4x4-base,134,1,down,False,0,133,0,1,0,2
0,4x4-base,134,2,down,True,1,134,0,2,0,3
0,4x4-base,135,1,down,False,0,134,0,1,0,2
0,4x4-base,135,2,down,True,1,135,0,2,0,3
0,4x4-base,136,1,down,False,0,135,0,1,0,2
0,4x4-base,136,2,down,True,1,136,0,2,0,3
0,4x4-base,137,1,down,False,0,136,0,1,0,2
0,4x4-base,137,2,down,True,1,137,0,2,0,3
0,4x4-base,138,1,down,False,0,137,0,1,0,2
0,4x4-base,138,2,down,True,1,138,0,2,0,3
0,4x4-base,139,1,down,False,0,138,0,1,0,2
0,4x4-base,139,2,down,True,1,139,0,2,0,3
0,4x4-base,140,1,down,False,0,139,0,1,0,2
0,4x4-base,140,2,down,True,1,140,0,2,0,3
0,4x4-base,141,1,down,False,0,140,0,1,0,2
0,4x4-base,141,2,down,True,1,141,0,2,0,3
0,4x4-base,142,1,down,False,0,141,0,1,0,2
0,4x4-base,142,2,down,True,1,142,0,2,0,3
0,4x4-base,143,1,down,False,0,142,0,1,0,2
0,4x4-base,143,2,down,True,1,143,0,2,0,3
0,4x4-base,144,1,down,False,0,143,0,1,0,2
0,4x4-base,144,2,down,True,1,144,0,2,0,3
0,4x4-base,145,1,down,False,0,144,0,1,0,2
0,4x4-base,145,2,down,True,1,145,0,2,0,3
0,4x4-base,146,1,down,False,0,145,0,1,0,2
0,4x4-base,146,2,down,True,1,146,0,2,0,3
0,4x4-base,147,1,down,False,0,146,0,1,0,2
0,4x4-base,147,2,down,True,1,147,0,2,0,3
0,4x4-base,148,1,down,False,0,147,0,1,0,2
0,4x4-base,148,2,down,True,1,148,0,2,0,3
0,4x4-base,149,1,down,False,0,148,0,1,0,2
0,4x4-base,149,2,down,True,1,149,0,2,0,3
0,4x4-base,150,1,down,False,0,149,0,1,0,2
0,4x4-base,150,2,down,True,1,150,0,2,0,3
0,4x4-base,151,1,down,False,0,150,0,1,0,2
0,4x4-base,151,2,down,True,1,151,0,2,0,3
0,4x4-base,152,1,down,False,0,151,0,1,0,2
0,4x4-base,152,2,down,True,1,152,0,2,0,3
0,4x4-base,153,1,down,False,0,152,0,1,0,2
0,4x4-base,153,2,down,True,1,153,0,2,0,3
0,4x4-base,154,1,down,False,0,153,0,1,0,2
0,4x4-base,154,2,down,True,1,154,0,2,0,3
0,4x4-base,155,1,down,False,0,154,0,1,0,2
0,4x4-base,155,2,down,True,1,155,0,2,0,3
0,4x4-base,156,1,down,False,0,155,0,1,0,2
0,4x4-base,156,2,down,True,1,156,0,2,0,3
0,4x4-base,157,1,down,False,0,156,0,1,0,2
0,4x4-base,157,2,down,True,1,157,0,2,0,3
0,4x4-base,158,1,down,False,0,157,0,1,0,2
0,4x4-base,158,2,down,True,1,158,0,2,0,3
0,4x4-base,159,1,down,False,0,158,0,1,0,2
0,4x4-base,159,2,down,True,1,159,0,2,0,3
0,4x4-base,160,1,down,False,0,159,0,1,0,2
0,4x4-base,160,2,down,True,1,160,0,2,0,3
0,4x4-base,161,1,down,False,0,160,0,1,0,2
0,4x4-base,161,2,down,True,1,161,0,2,0,3
0,4x4-base,162,1,down,False,0,161,0,1,0,2
0,4x4-base,162,2,down,True,1,162,0,2,0,3
0,4x4-base,163,1,down,False,0,162,0,1,0,2
0,4x4-base,163,2,down,True,1,163,0,2,0,3
0,4x4-base,164,1,down,False,0,163,0,1,0,2
0,4x4-base,164,2,down,True,1,164,0,2,0,3
0,4x4-base,165,1,down,False,0,164,0,1,0,2
0,4x4-base,165,2,down,True,1,165,0,2,0,3
0,4x4-base,166,1,down,False,0,165,0,1,0,2
0,4x4-base,166,2,down,True,1,166,0,2,0,3
0,4x4-base,167,1,down,False,0,166,0,1,0,2
0,4x4-base,167,2,down,True,1,167,0,2,0,3
0,4x4-base,168,1,down,False,0,167,0,1,0,2
0,4x4-base,168,2,down,True,1,168,0,2,0,3
0,4x4-base,169,1,down,False,0,168,0,1,0,2
0,4x4-base,169,2,down,True,1,169,0,2,0,3
0,4x4-base,170,1,down,False,0,169,0,1,0,2
0,4x4-base,170,2,down,True,1,170,0,2,0,3
0,4x4-base,171,1,down,False,0,170,0,1,0,2
0,4x4-base,171,2,down,True,1,171,0,2,0,3
0,4x4-base,172,1,down,False,0,171,0,1,0,2
0,4x4-base,172,2,down,True,1,172,0,2,0,3
0,4x4-base,173,1,down,False,0,172,0,1,0,2
0,4x4-base,173,2,down,True,1,173,0,2,0,3
0,4x4-base,174,1,down,False,0,173,0,1,0,2
0,4x4-base,174,2,down,True,1,174,0,2,0,3
0,4x4-base,175,1,down,False,0,174,0,1,0,2
0,4x4-base,175,2,down,True,1,175,0,2,0,3
0,4x4-base,176,1,down,False,0,175,0,1,0,2
0,4x4-base,176,2,down,True,1,176,0,2,0,3
0,4x4-base,177,1,down,False,0,176,0,1,0,2
0,4x4-base,177,2,down,True,1,177,0,2,0,3
0,4x4-base,178,1,down,False,0,177,0,1,0,2
0,4x4-base,178,2,down,True,1,178,0,2,0,3
0,4x4-base,179,1,down,False,0,178,0,1,0,2
0,4x4-base,179,2,down,True,1,179,0,2,0,3
0,4x4-base,180,1,down,False,0,179,0,1,0,2
0,4x4-base,180,2,down,True,1,180,0,2,0,3
0,4x4-base,181,1,down,False,0,180,0,1,0,2
0,4x4-base,181,2,down,True,1,181,0,2,0,3
0,4x4-base,182,1,down,False,0,181,0,1,0,2
0,4x4-base,182,2,down,True,1,182,0,2,0,3
0,4x4-base,183,1,down,False,0,182,0,1,0,2
0,4x4-base,183,2,down,True,1,183,0,2,0,3
0,4x4-base,184,1,down,False,0,183,0,1,0,2
0,4x4-base,184,2,down,True,1,184,0,2,0,3
0,4x4-base,185,1,down,False,0,184,0,1,0,2
0,4x4-base,185,2,down,True,1,185,0,2,0,3
0,4x4-base,186,1,down,False,0,185,0,1,0,2
0,4x4-base,186,2,down,True,1,186,0,2,0,3
0,4x4-base,187,1,down,False,0,186,0,1,0,2
0,4x4-base,187,2,down,True,1,187,0,2,0,3
0,4x4-base,188,1,down,False,0,187,0,1,0,2
0,4x4-base,188,2,down,True,1,188,0,2,0,3
0,4x4-base,189,1,down,False,0,188,0,1,0,2
0,4x4-base,189,2,down,True,1,189,0,2,0,3
0,4x4-base,190,1,down,False,0,189,0,1,0,2
0,4x4-base,190,2,down,True,1,190,0,2,0,3
0,4x4-base,191,1,down,False,0,190,0,1,0,2
0,4x4-base,191,2,down,True,1,191,0,2,0,3
0,4x4-base,192,1,down,False,0,191,0,1,0,2
0,4x4-base,192,2,down,True,1,192,0,2,0,3
0,4x4-base,193,1,down,False,0,192,0,1,0,2
0,4x4-base,193,2,down,True,1,193,0,2,0,3
0,4x4-base,194,1,down,False,0,193,0,1,0,2
0,4x4-base,194,2,down,True,1,194,0,2,0,3
0,4x4-base,195,1,down,False,0,194,0,1,0,2
0,4x4-base,195,2,down,True,1,195,0,2,0,3
0,4x4-base,196,1,down,False,0,195,0,1,0,2
0,4x4-base,196,2,down,True,1,196,0,2,0,3
0,4x4-base,197,1,down,False,0,196,0,1,0,2
0,4x4-base,197,2,down,True,1,197,0,2,0,3
0,4x4-base,198,1,down,False,0,197,0,1,0,2
0,4x4-base,198,2,down,True,1,198,0,2,0,3
0,4x4-base,199,1,down,False,0,198,0,1,0,2
0,4x4-base,199,2,down,True,1,199,0,2,0,3
0,4x4-base,200,1,down,False,0,199,0,1,0,2
0,4x4-base,200,2,down,True,1,200,0,2,0,3
0,4x4-base,201,1,down,False,0,200,0,1,0,2
0,4x4-base,201,2,down,True,1,201,0,2,0,3
0,4x4-base,202,1,down,False,0,201,0,1,0,2
0,4x4-base,202,2,down,True,1,202,0,2,0,3
0,4x4-base,203,1,down,False,0,202,0,1,0,2
0,4x4-base,203,2,down,True,1,203,0,2,0,3
0,4x4-base,204,1,down,False,0,203,0,1,0,2
0,4x4-base,204,2,down,True,1,204,0,2,0,3
0,4x4-base,205,1,down,False,0,204,0,1,0,2
0,4x4-base,205,2,down,True,1,205,0,2,0,3
0,4x4-base,206,1,down,False,0,205,0,1,0,2
0,4x4-base,206,2,down,True,1,206,0,2,0,3
0,4x4-base,207,1,down,False,0,206,0,1,0,2
0,4x4-base,207,2,down,True,1,207,0,2,0,3
0,4x4-base,208,1,down,False,0,207,0,1,0,2
0,4x4-base,208,2,down,True,1,208,0,2,0,3
0,4x4-base,209,1,down,False,0,208,0,1,0,2
0,4x4-base,209,2,down,True,1,209,0,2,0,3
0,4x4-base,210,1,down,False,0,209,0,1,0,2
0,4x4-base,210,2,down,True,1,210,0,2,0,3
0,4x4-base,211,1,down,False,0,210,0,1,0,2
0,4x4-base,211,2,down,True,1,211,0,2,0,3
0,4x4-base,212,1,down,False,0,211,0,1,0,2
0,4x4-base,212,2,down,True,1,212,0,2,0,3
0,4x4-base,213,1,down,False,0,212,0,1,0,2
0,4x4-base,213,2,down,True,1,213,0,2,0,3
0,4x4-base,214,1,down,False,0,213,0,1,0,2
0,4x4-base,214,2,down,True,1,214,0,2,0,3
0,4x4-base,215,1,down,False,0,214,0,1,0,2
0,4x4-base,215,2,down,True,1,215,0,2,0,3
0,4x4-base,216,1,down,False,0,215,0,1,0,2
0,4x4-base,216,2,down,True,1,216,0,2,0,3
0,4x4-base,217,1,down,False,0,216,0,1,0,2
0,4x4-base,217,2,down,True,1,217,0,2,0,3
0,4x4-base,218,1,down,False,0,217,0,1,0,2
0,4x4-base,218,2,down,True,1,218,0,2,0,3
0,4x4-base,219,1,down,False,0,218,0,1,0,2
0,4x4-base,219,2,down,True,1,219,0,2,0,3
0,4x4-base,220,1,down,False,0,219,0,1,0,2
0,4x4-base,220,2,down,True,1,220,0,2,0,3
0,4x4-base,221,1,down,False,0,220,0,1,0,2
0,4x4-base,221,2,down,True,1,221,0,2,0,3
0,4x4-base,222,1,down,False,0,221,0,1,0,2
0,4x4-base,222,2,down,True,1,222,0,2,0,3
0,4x4-base,223,1,down,False,0,222,0,1,0,2
0,4x4-base,223,2,down,True,1,223,0,2,0,3
0,4x4-base,224,1,down,False,0,223,0,1,0,2
0,4x4-base,224,2,down,True,1,224,0,2,0,3
0,4x4-base,225,1,down,False,0,224,0,1,0,2
0,4x4-base,225,2,down,True,1,225,0,2,0,3
0,4x4-base,226,1,down,False,0,225,0,1,0,2
0,4x4-base,226,2,down,True,1,226,0,2,0,3
0,4x4-base,227,1,down,False,0,226,0,1,0,2
0,4x4-base,227,2,down,True,1,227,0,2,0,3
0,4x4-base,228,1,down,False,0,227,0,1,0,2
0,4x4-base,228,2,down,True,1,228,0,2,0,3
0,4x4-base,229,1,down,False,0,228,0,1,0,2
0,4x4-base,229,2,down,True,1,229,0,2,0,3
0,4x4-base,230,1,down,False,0,229,0,1,0,2
0,4x4-base,230,2,down,True,1,230,0,2,0,3
0,4x4-base,231,1,down,False,0,230,0,1,0,2
0,4x4-base,231,2,down,True,1,231,0,2,0,3
0,4x4-base,232,1,down,False,0,231,0,1,0,2
0,4x4-base,232,2,down,True,1,232,0,2,0,3
0,4x4-base,233,1,down,False,0,232,0,1,0,2
0,4x4-base,233,2,down,True,1,233,0,2,0,3
0,4x4-base,234,1,down,False,0,233,0,1,0,2
0,4x4-base,234,2,down,True,1,234,0,2,0,3
0,4x4-base,235,1,down,False,0,234,0,1,0,2
0,4x4-base,235,2,down,True,1,235,0,2,0,3
0,4x4-base,236,1,down,False,0,235,0,1,0,2
0,4x4-base,236,2,down,True,1,236,0,2,0,3
0,4x4-base,237,1,down,False,0,236,0,1,0,2
0,4x4-base,237,2,down,True,1,237,0,2,0,3
0,4x4-base,238,1,down,False,0,237,0,1,0,2
0,4x4-base,238,2,down,True,1,238,0,2,0,3
0,4x4-base,239,1,down,False,0,238,0,1,0,2
0,4x4-base,239,2,down,True,1,239,0,2,0,3
0,4x4-base,240,1,down,False,0,239,0,1,0,2
0,4x4-base,240,2,down,True,1,240,0,2,0,3
0,4x4-base,241,1,down,False,0,240,0,1,0,2
0,4x4-base,241,2,down,True,1,241,0,2,0,3
0,4x4-base,242,1,down,False,0,241,0,1,0,2
0,4x4-base,242,2,down,True,1,242,0,2,0,3
0,4x4-base,243,1,down,False,0,242,0,1,0,2
0,4x4-base,243,2,down,True,1,243,0,2,0,3
0,4x4-base,244,1,down,False,0,243,0,1,0,2
0,4x4-base,244,2,down,True,1,244,0,2,0,3
0,4x4-base,245,1,down,False,0,244,0,1,0,2
0,4x4-base,245,2,down,True,1,245,0,2,0,3
0,4x4-base,246,1,down,False,0,245,0,1,0,2
0,4x4-base,246,2,down,True,1,246,0,2,0,3
0,4x4-base,247,1,down,False,0,246,0,1,0,2
0,4x4-base,247,2,down,True,1,247,0,2,0,3
0,4x4-base,248,1,down,False,0,247,0,1,0,2
0,4x4-base,248,2,down,True,1,248,0,2,0,3
0,4x4-base,249,1,down,False,0,248,0,1,0,2
0,4x4-base,249,2,down,True,1,249,0,2,0,3
0,4x4-base,250,1,down,False,0,249,0,1,0,2
0,4x4-base,250,2,down,True,1,250,0,2,0,3
0,4x4-base,251,1,down,False,0,250,0,1,0,2
0,4x4-base,251,2,down,True,1,251,0,2,0,3
0,4x4-base,252,1,down,False,0,251,0,1,0,2
0,4x4-base,252,2,down,True,1,252,0,2,0,3
0,4x4-base,253,1,down,False,0,252,0,1,0,2
0,4x4-base,253,2,down,True,1,253,0,2,0,3
0,4x4-base,254,1,down,False,0,253,0,1,0,2
0,4x4-base,254,2,down,True,1,254,0,2,0,3
0,4x4-base,255,1,down,False,0,254,0,1,0,2
0,4x4-base,255,2,down,True,1,255,0,2,0,3
0,4x4-base,256,1,down,False,0,255,0,1,0,2
0,4x4-base,256,2,down,True,1,256,0,2,0,3
0,4x4-base,257,1,down,False,0,256,0,1,0,2
0,4x4-base,257,2,down,True,1,257,0,2,0,3
0,4x4-base,258,1,down,False,0,257,0,1,0,2
0,4x4-base,258,2,down,True,1,258,0,2,0,3
0,4x4-base,259,1,down,False,0,258,0,1,0,2
0,4x4-base,259,2,down,True,1,259,0,2,0,3
0,4x4-base,260,1,down,False,0,259,0,1,0,2
0,4x4-base,260,2,down,True,1,260,0,2,0,3
0,4x4-base,261,1,down,False,0,260,0,1,0,2
0,4x4-base,261,2,down,True,1,261,0,2,0,3
0,4x4-base,262,1,down,False,0,261,0,1,0,2
0,4x4-base,262,2,down,True,1,262,0,2,0,3
0,4x4-base,263,1,down,False,0,262,0,1,0,2
0,4x4-base,263,2,down,True,1,263,0,2,0,3
0,4x4-base,264,1,down,False,0,263,0,1,0,2
0,4x4-base,264,2,down,True,1,264,0,2,0,3
0,4x4-base,265,1,down,False,0,264,0,1,0,2
0,4x4-base,265,2,down,True,1,265,0,2,0,3
0,4x4-base,266,1,down,False,0,265,0,1,0,2
0,4x4-base,266,2,down,True,1,266,0,2,0,3
0,4x4-base,267,1,down,False,0,266,0,1,0,2
0,4x4-base,267,2,down,True,1,267,0,2,0,3
0,4x4-base,268,1,down,False,0,267,0,1,0,2
0,4x4-base,268,2,down,True,1,268,0,2,0,3
0,4x4-base,269,1,down,False,0,268,0,1,0,2
0,4x4-base,269,2,down,True,1,269,0,2,0,3
0,4x4-base,270,1,down,False,0,269,0,1,0,2
0,4x4-base,270,2,down,True,1,270,0,2,0,3
0,4x4-base,271,1,down,False,0,270,0,1,0,2
0,4x4-base,271,2,down,True,1,271,0,2,0,3
0,4x4-base,272,1,down,False,0,271,0,1,0,2
0,4x4-base,272,2,down,True,1,272,0,2,0,3
0,4x4-base,273,1,down,False,0,272,0,1,0,2
0,4x4-base,273,2,down,True,1,273,0,2,0,3
0,4x4-base,274,1,down,False,0,273,0,1,0,2
0,4x4-base,274,2,down,True,1,274,0,2,0,3
0,4x4-base,275,1,down,False,0,274,0,1,0,2
0,4x4-base,275,2,down,True,1,275,0,2,0,3
0,4x4-base,276,1,down,False,0,275,0,1,0,2
0,4x4-base,276,2,down,True,1,276,0,2,0,3
0,4x4-base,277,1,down,False,0,276,0,1,0,2
0,4x4-base,277,2,down,True,1,277,0,2,0,3
0,4x4-base,278,1,down,False,0,277,0,1,0,2
0,4x4-base,278,2,down,True,1,278,0,2,0,3
0,4x4-base,279,1,down,False,0,278,0,1,0,2
0,4x4-base,279,2,down,True,1,279,0,2,0,3
0,4x4-base,280,1,down,False,0,279,0,1,0,2
0,4x4-base,280,2,down,True,1,280,0,2,0,3
0,4x4-base,281,1,down,False,0,280,0,1,0,2
0,4x4-base,281,2,down,True,1,281,0,2,0,3
0,4x4-base,282,1,down,False,0,281,0,1,0,2
0,4x4-base,282,2,down,True,1,282,0,2,0,3
0,4x4-base,283,1,down,False,0,282,0,1,0,2
0,4x4-base,283,2,down,True,1,283,0,2,0,3
0,4x4-base,284,1,down,False,0,283,0,1,0,2
0,4x4-base,284,2,down,True,1,284,0,2,0,3
0,4x4-base,285,1,down,False,0,284,0,1,0,2
0,4x4-base,285,2,down,True,1,285,0,2,0,3
0,4x4-base,286,1,down,False,0,285,0,1,0,2
0,4x4-base,286,2,down,True,1,286,0,2,0,3
0,4x4-base,287,1,down,False,0,286,0,1,0,2
0,4x4-base,287,2,down,True,1,287,0,2,0,3
0,4x4-base,288,1,down,False,0,287,0,1,0,2
0,4x4-base,288,2,down,True,1,288,0,2,0,3
0,4x4-base,289,1,down,False,0,288,0,1,0,2
0,4x4-base,289,2,down,True,1,289,0,2,0,3
0,4x4-base,290,1,down,False,0,289,0,1,0,2
0,4x4-base,290,2,down,True,1,290,0,2,0,3
0,4x4-base,291,1,down,False,0,290,0,1,0,2
0,4x4-base,291,2,down,True,1,291,0,2,0,3
0,4x4-base,292,1,down,False,0,291,0,1,0,2
0,4x4-base,292,2,down,True,1,292,0,2,0,3
0,4x4-base,293,1,down,False,0,292,0,1,0,2
0,4x4-base,293,2,down,True,1,293,0,2,0,3
0,4x4-base,294,1,down,False,0,293,0,1,0,2
0,4x4-base,294,2,down,True,1,294,0,2,0,3
0,4x4-base,295,1,down,False,0,294,0,1,0,2
0,4x4-base,295,2,down,True,1,295,0,2,0,3
0,4x4-base,296,1,down,False,0,295,0,1,0,2
0,4x4-base,296,2,down,True,1,296,0,2,0,3
0,4x4-base,297,1,down,False,0,296,0,1,0,2
0,4x4-base,297,2,down,True,1,297,0,2,0,3
0,4x4-base,298,1,down,False,0,297,0,1,0,2
0,4x4-base,298,2,down,True,1,298,0,2,0,3
0,4x4-base,299,1,down,False,0,298,0,1,0,2
0,4x4-base,299,2,down,True,1,299,0,2,0,3
0,4x4-base,300,1,down,False,0,299,0,1,0,2
0,4x4-base,300,2,down,True,1,300,0,2,0,3
0,4x4-base,301,1,down,False,0,300,0,1,0,2
0,4x4-base,301,2,down,True,1,301,0,2,0,3
0,4x4-base,302,1,down,False,0,301,0,1,0,2
0,4x4-base,302,2,down,True,1,302,0,2,0,3
0,4x4-base,303,1,down,False,0,302,0,1,0,2
0,4x4-base,303,2,down,True,1,303,0,2,0,3
0,4x4-base,304,1,down,False,0,303,0,1,0,2
0,4x4-base,304,2,down,True,1,304,0,2,0,3
0,4x4-base,305,1,down,False,0,304,0,1,0,2
0,4x4-base,305,2,down,True,1,305,0,2,0,3
0,4x4-base,306,1,down,False,0,305,0,1,0,2
0,4x4-base,306,2,down,True,1,306,0,2,0,3
0,4x4-base,307,1,down,False,0,306,0,1,0,2
0,4x4-base,307,2,down,True,1,307,0,2,0,3
0,4x4-base,308,1,down,False,0,307,0,1,0,2
0,4x4-base,308,2,down,True,1,308,0,2,0,3
0,4x4-base,309,1,down,False,0,308,0,1,0,2
0,4x4-base,309,2,down,True,1,309,0,2,0,3
0,4x4-base,310,1,down,False,0,309,0,1,0,2
0,4x4-base,310,2,down,True,1,310,0,2,0,3
0,4x4-base,311,1,down,False,0,310,0,1,0,2
0,4x4-base,311,2,down,True,1,311,0,2,0,3
0,4x4-base,312,1,down,False,0,311,0,1,0,2
0,4x4-base,312,2,down,True,1,312,0,2,0,3
0,4x4-base,313,1,down,False,0,312,0,1,0,2
0,4x4-base,313,2,down,True,1,313,0,2,0,3
0,4x4-base,314,1,down,False,0,313,0,1,0,2
0,4x4-base,314,2,down,True,1,314,0,2,0,3
0,4x4-base,315,1,down,False,0,314,0,1,0,2
0,4x4-base,315,2,down,True,1,315,0,2,0,3
0,4x4-base,316,1,down,False,0,315,0,1,0,2
0,4x4-base,316,2,down,True,1,316,0,2,0,3
0,4x4-base,317,1,down,False,0,316,0,1,0,2
0,4x4-base,317,2,down,True,1,317,0,2,0,3
0,4x4-base,318,1,down,False,0,317,0,1,0,2
0,4x4-base,318,2,down,True,1,318,0,2,0,3
0,4x4-base,319,1,down,False,0,318,0,1,0,2
0,4x4-base,319,2,down,True,1,319,0,2,0,3
0,4x4-base,320,1,down,False,0,319,0,1,0,2
0,4x4-base,320,2,down,True,1,320,0,2,0,3
0,4x4-base,321,1,down,False,0,320,0,1,0,2
0,4x4-base,321,2,down,True,1,321,0,2,0,3
0,4x4-base,322,1,down,False,0,321,0,1,0,2
0,4x4-base,322,2,down,True,1,322,0,2,0,3
0,4x4-base,323,1,down,False,0,322,0,1,0,2
0,4x4-base,323,2,down,True,1,323,0,2,0,3
0,4x4-base,324,1,down,False,0,323,0,1,0,2
0,4x4-base,324,2,down,True,1,324,0,2,0,3
0,4x4-base,325,1,down,False,0,324,0,1,0,2
0,4x4-base,325,2,down,True,1,325,0,2,0,3
0,4x4-base,326,1,down,False,0,325,0,1,0,2
0,4x4-base,326,2,down,True,1,326,0,2,0,3
0,4x4-base,327,1,down,False,0,326,0,1,0,2
0,4x4-base,327,2,down,True,1,327,0,2,0,3
0,4x4-base,328,1,down,False,0,327,0,1,0,2
0,4x4-base,328,2,down,True,1,328,0,2,0,3
0,4x4-base,329,1,down,False,0,328,0,1,0,2
0,4x4-base,329,2,down,True,1,329,0,2,0,3
0,4x4-base,330,1,down,False,0,329,0,1,0,2
0,4x4-base,330,2,down,True,1,330,0,2,0,3
0,4x4-base,331,1,down,False,0,330,0,1,0,2
0,4x4-base,331,2,down,True,1,331,0,2,0,3
0,4x4-base,332,1,down,False,0,331,0,1,0,2
0,4x4-base,332,2,down,True,1,332,0,2,0,3
0,4x4-base,333,1,down,False,0,332,0,1,0,2
0,4x4-base,333,2,down,True,1,333,0,2,0,3
0,4x4-base,334,1,down,False,0,333,0,1,0,2
0,4x4-base,334,2,down,True,1,334,0,2,0,3
0,4x4-base,335,1,down,False,0,334,0,1,0,2
0,4x4-base,335,2,down,True,1,335,0,2,0,3
0,4x4-base,336,1,down,False,0,335,0,1,0,2
0,4x4-base,336,2,down,True,1,336,0,2,0,3
0,4x4-base,337,1,down,False,0,336,0,1,0,2
0,4x4-base,337,2,down,True,1,337,0,2,0,3
0,4x4-base,338,1,down,False,0,337,0,1,0,2
0,4x4-base,338,2,down,True,1,338,0,2,0,3
0,4x4-base,339,1,down,False,0,338,0,1,0,2
0,4x4-base,339,2,down,True,1,339,0,2,0,3
0,4x4-base,340,1,down,False,0,339,0,1,0,2
0,4x4-base,340,2,down,True,1,340,0,2,0,3
0,4x4-base,341,1,down,False,0,340,0,1,0,2
0,4x4-base,341,2,down,True,1,341,0,2,0,3
0,4x4-base,342,1,down,False,0,341,0,1,0,2
0,4x4-base,342,2,down,True,1,342,0,2,0,3
0,4x4-base,343,1,down,False,0,342,0,1,0,2
0,4x4-base,343,2,down,True,1,343,0,2,0,3
0,4x4-base,344,1,down,False,0,343,0,1,0,2
0,4x4-base,344,2,down,True,1,344,0,2,0,3
0,4x4-base,345,1,down,False,0,344,0,1,0,2
0,4x4-base,345,2,down,True,1,345,0,2,0,3
0,4x4-base,346,1,down,False,0,345,0,1,0,2
0,4x4-base,346,2,down,True,1,346,0,2,0,3
0,4x4-base,347,1,down,False,0,346,0,1,0,2
0,4x4-base,347,2,down,True,1,347,0,2,0,3
0,4x4-base,348,1,down,False,0,347,0,1,0,2
0,4x4-base,348,2,down,True,1,348,0,2,0,3
0,4x4-base,349,1,down,False,0,348,0,1,0,2
0,4x4-base,349,2,down,True,1,349,0,2,0,3
0,4x4-base,350,1,down,False,0,349,0,1,0,2
0,4x4-base,350,2,down,True,1,350,0,2,0,3
0,4x4-base,351,1,down,False,0,350,0,1,0,2
0,4x4-base,351,2,down,True,1,351,0,2,0,3
0,4x4-base,352,1,down,False,0,351,0,1,0,2
0,4x4-base,352,2,down,True,1,352,0,2,0,3
0,4x4-base,353,1,down,False,0,352,0,1,0,2
0,4x4-base,353,2,down,True,1,353,0,2,0,3
0,4x4-base,354,1,down,False,0,353,0,1,0,2
0,4x4-base,354,2,down,True,1,354,0,2,0,3
0,4x4-base,355,1,down,False,0,354,0,1,0,2
0,4x4-base,355,2,down,True,1,355,0,2,0,3
0,4x4-base,356,1,down,False,0,355,0,1,0,2
0,4x4-base,356,2,down,True,1,356,0,2,0,3
0,4x4-base,357,1,down,False,0,356,0,1,0,2
0,4x4-base,357,2,down,True,1,357,0,2,0,3
0,4x4-base,358,1,down,False,0,357,0,1,0,2
0,4x4-base,358,2,down,True,1,358,0,2,0,3
0,4x4-base,359,1,down,False,0,358,0,1,0,2
0,4x4-base,359,2,down,True,1,359,0,2,0,3
0,4x4-base,360,1,down,False,0,359,0,1,0,2
0,4x4-base,360,2,down,True,1,360,0,2,0,3
0,4x4-base,361,1,down,False,0,360,0,1,0,2
0,4x4-base,361,2,down,True,1,361,0,2,0,3
0,4x4-base,362,1,down,False,0,361,0,1,0,2
0,4x4-base,362,2,down,True,1,362,0,2,0,3
0,4x4-base,363,1,down,False,0,362,0,1,0,2
0,4x4-base,363,2,down,True,1,363,0,2,0,3
0,4x4-base,364,1,down,False,0,363,0,1,0,2
0,4x4-base,364,2,down,True,1,364,0,2,0,3
0,4x4-base,365,1,down,False,0,364,0,1,0,2
0,4x4-base,365,2,down,True,1,365,0,2,0,3
0,4x4-base,366,1,down,False,0,365,0,1,0,2
0,4x4-base,366,2,down,True,1,366,0,2,0,3
0,4x4-base,367,1,down,False,0,366,0,1,0,2
0,4x4-base,367,2,down,True,1,367,0,2,0,3
0,4x4-base,368,1,down,False,0,367,0,1,0,2
0,4x4-base,368,2,down,True,1,368,0,2,0,3
0,4x4-base,369,1,down,False,0,368,0,1,0,2
0,4x4-base,369,2,down,True,1,369,0,2,0,3
0,4x4-base,370,1,down,False,0,369,0,1,0,2
0,4x4-base,370,2,down,True,1,370,0,2,0,3
0,4x4-base,371,1,down,False,0,370,0,1,0,2
0,4x4-base,371,2,down,True,1,371,0,2,0,3
0,4x4-base,372,1,down,False,0,371,0,1,0,2
0,4x4-base,372,2,down,True,1,372,0,2,0,3
0,4x4-base,373,1,down,False,0,372,0,1,0,2
0,4x4-base,373,2,down,True,1,373,0,2,0,3
0,4x4-base,374,1,down,False,0,373,0,1,0,2
0,4x4-base,374,2,down,True,1,374,0,2,0,3
0,4x4-base,375,1,down,False,0,374,0,1,0,2
0,4x4-base,375,2,down,True,1,375,0,2,0,3
0,4x4-base,376,1,down,False,0,375,0,1,0,2
0,4x4-base,376,2,down,True,1,376,0,2,0,3
0,4x4-base,377,1,down,False,0,376,0,1,0,2
0,4x4-base,377,2,down,True,1,377,0,2,0,3
0,4x4-base,378,1,down,False,0,377,0,1,0,2
0,4x4-base,378,2,down,True,1,378,0,2,0,3
0,4x4-base,379,1,down,False,0,378,0,1,0,2
0,4x4-base,379,2,down,True,1,379,0,2,0,3
0,4x4-base,380,1,down,False,0,379,0,1,0,2
0,4x4-base,380,2,down,True,1,380,0,2,0,3
0,4x4-base,381,1,down,False,0,380,0,1,0,2
0,4x4-base,381,2,down,True,1,381,0,2,0,3
0,4x4-base,382,1,down,False,0,381,0,1,0,2
0,4x4-base,382,2,down,True,1,382,0,2,0,3
0,4x4-base,383,1,down,False,0,382,0,1,0,2
0,4x4-base,383,2,down,True,1,383,0,2,0,3
0,4x4-base,384,1,down,False,0,383,0,1,0,2
0,4x4-base,384,2,down,True,1,384,0,2,0,3
0,4x4-base,385,1,down,False,0,384,0,1,0,2
0,4x4-base,385,2,down,True,1,385,0,2,0,3
0,4x4-base,386,1,down,False,0,385,0,1,0,2
0,4x4-base,386,2,down,True,1,386,0,2,0,3
0,4x4-base,387,1,down,False,0,386,0,1,0,2
0,4x4-base,387,2,down,True,1,387,0,2,0,3
0,4x4-base,388,1,down,False,0,387,0,1,0,2
0,4x4-base,388,2,down,True,1,388,0,2,0,3
0,4x4-base,389,1,down,False,0,388,0,1,0,2
0,4x4-base,389,2,down,True,1,389,0,2,0,3
0,4x4-base,390,1,down,False,0,389,0,1,0,2
0,4x4-base,390,2,down,True,1,390,0,2,0,3
0,4x4-base,391,1,down,False,0,390,0,1,0,2
0,4x4-base,391,2,down,True,1,391,0,2,0,3
0,4x4-base,392,1,down,False,0,391,0,1,0,2
0,4x4-base,392,2,down,True,1,392,0,2,0,3
0,4x4-base,393,1,down,False,0,392,0,1,0,2
0,4x4-base,393,2,down,True,1,393,0,2,0,3
0,4x4-base,394,1,down,False,0,393,0,1,0,2
0,4x4-base,394,2,down,True,1,394,0,2,0,3
0,4x4-base,395,1,down,False,0,394,0,1,0,2
0,4x4-base,395,2,down,True,1,395,0,2,0,3
0,4x4-base,396,1,down,False,0,395,0,1,0,2
0,4x4-base,396,2,down,True,1,396,0,2,0,3
0,4x4-base,397,1,down,False,0,396,0,1,0,2
0,4x4-base,397,2,down,True,1,397,0,2,0,3
0,4x4-base,398,1,down,False,0,397,0,1,0,2
0,4x4-base,398,2,down,True,1,398,0,2,0,3
0,4x4-base,399,1,down,False,0,398,0,1,0,2
0,4x4-base,399,2,down,True,1,399,0,2,0,3
0,4x4-base,400,1,down,False,0,399,0,1,0,2
0,4x4-base,400,2,down,True,1,400,0,2,0,3
0,4x4-base,401,1,down,False,0,400,0,1,0,2
0,4x4-base,401,2,down,True,1,401,0,2,0,3
0,4x4-base,402,1,down,False,0,401,0,1,0,2
0,4x4-base,402,2,down,True,1,402,0,2,0,3
0,4x4-base,403,1,down,False,0,402,0,1,0,2
0,4x4-base,403,2,down,True,1,403,0,2,0,3
0,4x4-base,404,1,down,False,0,403,0,1,0,2
0,4x4-base,404,2,down,True,1,404,0,2,0,3
0,4x4-base,405,1,down,False,0,404,0,1,0,2
0,4x4-base,405,2,down,True,1,405,0,2,0,3
0,4x4-base,406,1,down,False,0,405,0,1,0,2
0,4x4-base,406,2,down,True,1,406,0,2,0,3
0,4x4-base,407,1,down,False,0,406,0,1,0,2
0,4x4-base,407,2,down,True,1,407,0,2,0,3
0,4x4-base,408,1,down,False,0,407,0,1,0,2
0,4x4-base,408,2,down,True,1,408,0,2,0,3
0,4x4-base,409,1,down,False,0,408,0,1,0,2
0,4x4-base,409,2,down,True,1,409,0,2,0,3
0,4x4-base,410,1,down,False,0,409,0,1,0,2
0,4x4-base,410,2,down,True,1,410,0,2,0,3
0,4x4-base,411,1,down,False,0,410,0,1,0,2
0,4x4-base,411,2,down,True,1,411,0,2,0,3
0,4x4-base,412,1,down,False,0,411,0,1,0,2
0,4x4-base,412,2,down,True,1,412,0,2,0,3
0,4x4-base,413,1,down,False,0,412,0,1,0,2
0,4x4-base,413,2,down,True,1,413,0,2,0,3
0,4x4-base,414,1,down,False,0,413,0,1,0,2
0,4x4-base,414,2,down,True,1,414,0,2,0,3
0,4x4-base,415,1,down,False,0,414,0,1,0,2
0,4x4-base,415,2,down,True,1,415,0,2,0,3
0,4x4-base,416,1,down,False,0,415,0,1,0,2
0,4x4-base,416,2,down,True,1,416,0,2,0,3
0,4x4-base,417,1,down,False,0,416,0,1,0,2
0,4x4-base,417,2,down,True,1,417,0,2,0,3
0,4x4-base,418,1,down,False,0,417,0,1,0,2
0,4x4-base,418,2,down,True,1,418,0,2,0,3
0,4x4-base,419,1,down,False,0,418,0,1,0,2
0,4x4-base,419,2,down,True,1,419,0,2,0,3
0,4x4-base,420,1,down,False,0,419,0,1,0,2
0,4x4-base,420,2,down,True,1,420,0,2,0,3
0,4x4-base,421,1,down,False,0,420,0,1,0,2
0,4x4-base,421,2,down,True,1,421,0,2,0,3
0,4x4-base,422,1,down,False,0,421,0,1,0,2
0,4x4-base,422,2,down,True,1,422,0,2,0,3
0,4x4-base,423,1,down,False,0,422,0,1,0,2
0,4x4-base,423,2,down,True,1,423,0,2,0,3
0,4x4-base,424,1,down,False,0,423,0,1,0,2
0,4x4-base,424,2,down,True,1,424,0,2,0,3
0,4x4-base,425,1,down,False,0,424,0,1,0,2
0,4x4-base,425,2,down,True,1,425,0,2,0,3
0,4x4-base,426,1,down,False,0,425,0,1,0,2
0,4x4-base,426,2,down,True,1,426,0,2,0,3
0,4x4-base,427,1,down,False,0,426,0,1,0,2
0,4x4-base,427,2,down,True,1,427,0,2,0,3
0,4x4-base,428,1,down,False,0,427,0,1,0,2
0,4x4-base,428,2,down,True,1,428,0,2,0,3
0,4x4-base,429,1,down,False,0,428,0,1,0,2
0,4x4-base,429,2,down,True,1,429,0,2,0,3
0,4x4-base,430,1,down,False,0,429,0,1,0,2
0,4x4-base,430,2,down,True,1,430,0,2,0,3
0,4x4-base,431,1,down,False,0,430,0,1,0,2
0,4x4-base,431,2,down,True,1,431,0,2,0,3
0,4x4-base,432,1,down,False,0,431,0,1,0,2
0,4x4-base,432,2,down,True,1,432,0,2,0,3
0,4x4-base,433,1,down,False,0,432,0,1,0,2
0,4x4-base,433,2,down,True,1,433,0,2,0,3
0,4x4-base,434,1,down,False,0,433,0,1,0,2
0,4x4-base,434,2,down,True,1,434,0,2,0,3
0,4x4-base,435,1,down,False,0,434,0,1,0,2
0,4x4-base,435,2,down,True,1,435,0,2,0,3
0,4x4-base,436,1,down,False,0,435,0,1,0,2
0,4x4-base,436,2,down,True,1,436,0,2,0,3
0,4x4-base,437,1,down,False,0,436,0,1,0,2
0,4x4-base,437,2,down,True,1,437,0,2,0,3
0,4x4-base,438,1,down,False,0,437,0,1,0,2
0,4x4-base,438,2,down,True,1,438,0,2,0,3
0,4x4-base,439,1,down,False,0,438,0,1,0,2
0,4x4-base,439,2,down,True,1,439,0,2,0,3
0,4x4-base,440,1,down,False,0,439,0,1,0,2
0,4x4-base,440,2,down,True,1,440,0,2,0,3
0,4x4-base,441,1,down,False,0,440,0,1,0,2
0,4x4-base,441,2,down,True,1,441,0,2,0,3
0,4x4-base,442,1,down,False,0,441,0,1,0,2
0,4x4-base,442,2,down,True,1,442,0,2,0,3
0,4x4-base,443,1,down,False,0,442,0,1,0,2
0,4x4-base,443,2,down,True,1,443,0,2,0,3
0,4x4-base,444,1,down,False,0,443,0,1,0,2
0,4x4-base,444,2,down,True,1,444,0,2,0,3
0,4x4-base,445,1,down,False,0,444,0,1,0,2
0,4x4-base,445,2,down,True,1,445,0,2,0,3
0,4x4-base,446,1,down,False,0,445,0,1,0,2
0,4x4-base,446,2,down,True,1,446,0,2,0,3
0,4x4-base,447,1,down,False,0,446,0,1,0,2
0,4x4-base,447,2,down,True,1,447,0,2,0,3
0,4x4-base,448,1,down,False,0,447,0,1,0,2
0,4x4-base,448,2,down,True,1,448,0,2,0,3
0,4x4-base,449,1,down,False,0,448,0,1,0,2
0,4x4-base,449,2,down,True,1,449,0,2,0,3
0,4x4-base,450,1,down,False,0,449,0,1,0,2
0,4x4-base,450,2,down,True,1,450,0,2,0,3
0,4x4-base,451,1,down,False,0,450,0,1,0,2
0,4x4-base,451,2,down,True,1,451,0,2,0,3
0,4x4-base,452,1,down,False,0,451,0,1,0,2
0,4x4-base,452,2,down,True,1,452,0,2,0,3
0,4x4-base,453,1,down,False,0,452,0,1,0,2
0,4x4-base,453,2,down,True,1,453,0,2,0,3
0,4x4-base,454,1,down,False,0,453,0,1,0,2
0,4x4-base,454,2,down,True,1,454,0,2,0,3
0,4x4-base,455,1,down,False,0,454,0,1,0,2
0,4x4-base,455,2,down,True,1,455,0,2,0,3
0,4x4-base,456,1,down,False,0,455,0,1,0,2
0,4x4-base,456,2,down,True,1,456,0,2,0,3
0,4x4-base,457,1,down,False,0,456,0,1,0,2
0,4x4-base,457,2,down,True,1,457,0,2,0,3
0,4x4-base,458,1,down,False,0,457,0,1,0,2
0,4x4-base,458,2,down,True,1,458,0,2,0,3
0,4x4-base,459,1,down,False,0,458,0,1,0,2
0,4x4-base,459,2,down,True,1,459,0,2,0,3
0,4x4-base,460,1,down,False,0,459,0,1,0,2
0,4x4-base,460,2,down,True,1,460,0,2,0,3
0,4x4-base,461,1,down,False,0,460,0,1,0,2
0,4x4-base,461,2,down,True,1,461,0,2,0,3
0,4x4-base,462,1,down,False,0,461,0,1,0,2
0,4x4-base,462,2,down,True,1,462,0,2,0,3
0,4x4-base,463,1,down,False,0,462,0,1,0,2
0,4x4-base,463,2,down,True,1,463,0,2,0,3
0,4x4-base,464,1,down,False,0,463,0,1,0,2
0,4x4-base,464,2,down,True,1,464,0,2,0,3
0,4x4-base,465,1,down,False,0,464,0,1,0,2
0,4x4-base,465,2,down,True,1,465,0,2,0,3
0,4x4-base,466,1,down,False,0,465,0,1,0,2
0,4x4-base,466,2,down,True,1,466,0,2,0,3
0,4x4-base,467,1,down,False,0,466,0,1,0,2
0,4x4-base,467,2,down,True,1,467,0,2,0,3
0,4x4-base,468,1,down,False,0,467,0,1,0,2
0,4x4-base,468,2,down,True,1,468,0,2,0,3
0,4x4-base,469,1,down,False,0,468,0,1,0,2
0,4x4-base,469,2,down,True,1,469,0,2,0,3
0,4x4-base,470,1,down,False,0,469,0,1,0,2
0,4x4-base,470,2,down,True,1,470,0,2,0,3
0,4x4-base,471,1,down,False,0,470,0,1,0,2
0,4x4-base,471,2,down,True,1,471,0,2,0,3
0,4x4-base,472,1,down,False,0,471,0,1,0,2
0,4x4-base,472,2,down,True,1,472,0,2,0,3
0,4x4-base,473,1,down,False,0,472,0,1,0,2
0,4x4-base,473,2,down,True,1,473,0,2,0,3
0,4x4-base,474,1,down,False,0,473,0,1,0,2
0,4x4-base,474,2,down,True,1,474,0,2,0,3
0,4x4-base,475,1,down,False,0,474,0,1,0,2
0,4x4-base,475,2,down,True,1,475,0,2,0,3
0,4x4-base,476,1,down,False,0,475,0,1,0,2
0,4x4-base,476,2,down,True,1,476,0,2,0,3
0,4x4-base,477,1,down,False,0,476,0,1,0,2
0,4x4-base,477,2,down,True,1,477,0,2,0,3
0,4x4-base,478,1,down,False,0,477,0,1,0,2
0,4x4-base,478,2,down,True,1,478,0,2,0,3
0,4x4-base,479,1,down,False,0,478,0,1,0,2
0,4x4-base,479,2,down,True,1,479,0,2,0,3
0,4x4-base,480,1,down,False,0,479,0,1,0,2
0,4x4-base,480,2,down,True,1,480,0,2,0,3
0,4x4-base,481,1,down,False,0,480,0,1,0,2
0,4x4-base,481,2,down,True,1,481,0,2,0,3
0,4x4-base,482,1,down,False,0,481,0,1,0,2
0,4x4-base,482,2,down,True,1,482,0,2,0,3
0,4x4-base,483,1,down,False,0,482,0,1,0,2
0,4x4-base,483,2,down,True,1,483,0,2,0,3
0,4x4-base,484,1,down,False,0,483,0,1,0,2
0,4x4-base,484,2,down,True,1,484,0,2,0,3
0,4x4-base,485,1,down,False,0,484,0,1,0,2
0,4x4-base,485,2,down,True,1,485,0,2,0,3
0,4x4-base,486,1,down,False,0,485,0,1,0,2
0,4x4-base,486,2,down,True,1,486,0,2,0,3
0,4x4-base,487,1,down,False,0,486,0,1,0,2
0,4x4-base,487,2,down,True,1,487,0,2,0,3
0,4x4-base,488,1,down,False,0,487,0,1,0,2
0,4x4-base,488,2,down,True,1,488,0,2,0,3
0,4x4-base,489,1,down,False,0,488,0,1,0,2
0,4x4-base,489,2,down,True,1,489,0,2,0,3
0,4x4-base,490,1,down,False,0,489,0,1,0,2
0,4x4-base,490,2,down,True,1,490,0,2,0,3
0,4x4-base,491,1,down,False,0,490,0,1,0,2
0,4x4-base,491,2,down,True,1,491,0,2,0,3
0,4x4-base,492,1,down,False,0,491,0,1,0,2
0,4x4-base,492,2,down,True,1,492,0,2,0,3
0,4x4-base,493,1,down,False,0,492,0,1,0,2
0,4x4-base,493,2,down,True,1,493,0,2,0,3
0,4x4-base,494,1,down,False,0,493,0,1,0,2
0,4x4-base,494,2,down,True,1,494,0,2,0,3
0,4x4-base,495,1,down,False,0,494,0,1,0,2
0,4x4-base,495,2,down,True,1,495,0,2,0,3
0,4x4-base,496,1,down,False,0,495,0,1,0,2
0,4x4-base,496,2,down,True,1,496,0,2,0,3
0,4x4-base,497,1,down,False,0,496,0,1,0,2
0,4x4-base,497,2,down,True,1,497,0,2,0,3
0,4x4-base,498,1,down,False,0,497,0,1,0,2
0,4x4-base,498,2,down,True,1,498,0,2,0,3
0,4x4-base,499,1,down,False,0,498,0,1,0,2
0,4x4-base,499,2,down,True,1,499,0,2,0,3
0,4x4-base,500,1,down,False,0,499,0,1,0,2
0,4x4-base,500,2,down,True,1,500,0,2,0,3
0,4x4-base,501,1,down,False,0,500,0,1,0,2
0,4x4-base,501,2,down,True,1,501,0,2,0,3
0,4x4-base,502,1,down,False,0,501,0,1,0,2
0,4x4-base,502,2,down,True,1,502,0,2,0,3
0,4x4-base,503,1,down,False,0,502,0,1,0,2
0,4x4-base,503,2,down,True,1,503,0,2,0,3
0,4x4-base,504,1,down,False,0,503,0,1,0,2
0,4x4-base,504,2,down,True,1,504,0,2,0,3
0,4x4-base,505,1,down,False,0,504,0,1,0,2
0,4x4-base,505,2,down,True,1,505,0,2,0,3
0,4x4-base,506,1,down,False,0,505,0,1,0,2
0,4x4-base,506,2,down,True,1,506,0,2,0,3
0,4x4-base,507,1,down,False,0,506,0,1,0,2
0,4x4-base,507,2,down,True,1,507,0,2,0,3
0,4x4-base,508,1,down,False,0,507,0,1,0,2
0,4x4-base,508,2,down,True,1,508,0,2,0,3
0,4x4-base,509,1,down,False,0,508,0,1,0,2
0,4x4-base,509,2,down,True,1,509,0,2,0,3
0,4x4-base,510,1,down,False,0,509,0,1,0,2
0,4x4-base,510,2,down,True,1,510,0,2,0,3
0,4x4-base,511,1,down,False,0,510,0,1,0,2
0,4x4-base,511,2,down,True,1,511,0,2,0,3
0,4x4-base,512,1,down,False,0,511,0,1,0,2
0,4x4-base,512,2,down,True,1,512,0,2,0,3
0,4x4-base,513,1,down,False,0,512,0,1,0,2
0,4x4-base,513,2,down,True,1,513,0,2,0,3
0,4x4-base,514,1,down,False,0,513,0,1,0,2
0,4x4-base,514,2,down,True,1,514,0,2,0,3
0,4x4-base,515,1,down,False,0,514,0,1,0,2
0,4x4-base,515,2,down,True,1,515,0,2,0,3
0,4x4-base,516,1,down,False,0,515,0,1,0,2
0,4x4-base,516,2,down,True,1,516,0,2,0,3
0,4x4-base,517,1,down,False,0,516,0,1,0,2
0,4x4-base,517,2,down,True,1,517,0,2,0,3
0,4x4-base,518,1,down,False,0,517,0,1,0,2
0,4x4-base,518,2,down,True,1,518,0,2,0,3
0,4x4-base,519,1,down,False,0,518,0,1,0,2
0,4x4-base,519,2,down,True,1,519,0,2,0,3
0,4x4-base,520,1,down,False,0,519,0,1,0,2
0,4x4-base,520,2,down,True,1,520,0,2,0,3
0,4x4-base,521,1,down,False,0,520,0,1,0,2
0,4x4-base,521,2,down,True,1,521,0,2,0,3
0,4x4-base,522,1,down,False,0,521,0,1,0,2
0,4x4-base,522,2,down,True,1,522,0,2,0,3
0,4x4-base,523,1,down,False,0,522,0,1,0,2
0,4x4-base,523,2,down,True,1,523,0,2,0,3
0,4x4-base,524,1,down,False,0,523,0,1,0,2
0,4x4-base,524,2,down,True,1,524,0,2,0,3
0,4x4-base,525,1,down,False,0,524,0,1,0,2
0,4x4-base,525,2,down,True,1,525,0,2,0,3
0,4x4-base,526,1,down,False,0,525,0,1,0,2
0,4x4-base,526,2,down,True,1,526,0,2,0,3
0,4x4-base,527,1,down,False,0,526,0,1,0,2
0,4x4-base,527,2,down,True,1,527,0,2,0,3
0,4x4-base,528,1,down,False,0,527,0,1,0,2
0,4x4-base,528,2,down,True,1,528,0,2,0,3
0,4x4-base,529,1,down,False,0,528,0,1,0,2
0,4x4-base,529,2,down,True,1,529,0,2,0,3
0,4x4-base,530,1,down,False,0,529,0,1,0,2
0,4x4-base,530,2,down,True,1,530,0,2,0,3
0,4x4-base,531,1,down,False,0,530,0,1,0,2
0,4x4-base,531,2,down,True,1,531,0,2,0,3
0,4x4-base,532,1,down,False,0,531,0,1,0,2
0,4x4-base,532,2,down,True,1,532,0,2,0,3
0,4x4-base,533,1,down,False,0,532,0,1,0,2
0,4x4-base,533,2,down,True,1,533,0,2,0,3
0,4x4-base,534,1,down,False,0,533,0,1,0,2
0,4x4-base,534,2,down,True,1,534,0,2,0,3
0,4x4-base,535,1,down,False,0,534,0,1,0,2
0,4x4-base,535,2,down,True,1,535,0,2,0,3
0,4x4-base,536,1,down,False,0,535,0,1,0,2
0,4x4-base,536,2,down,True,1,536,0,2,0,3
0,4x4-base,537,1,down,False,0,536,0,1,0,2
0,4x4-base,537,2,down,True,1,537,0,2,0,3
0,4x4-base,538,1,down,False,0,537,0,1,0,2
0,4x4-base,538,2,down,True,1,538,0,2,0,3
0,4x4-base,539,1,down,False,0,538,0,1,0,2
0,4x4-base,539,2,down,True,1,539,0,2,0,3
0,4x4-base,540,1,down,False,0,539,0,1,0,2
0,4x4-base,540,2,down,True,1,540,0,2,0,3
0,4x4-base,541,1,down,False,0,540,0,1,0,2
0,4x4-base,541,2,down,True,1,541,0,2,0,3
0,4x4-base,542,1,down,False,0,541,0,1,0,2
0,4x4-base,542,2,down,True,1,542,0,2,0,3
0,4x4-base,543,1,down,False,0,542,0,1,0,2
0,4x4-base,543,2,down,True,1,543,0,2,0,3
0,4x4-base,544,1,down,False,0,543,0,1,0,2
0,4x4-base,544,2,down,True,1,544,0,2,0,3
0,4x4-base,545,1,down,False,0,544,0,1,0,2
0,4x4-base,545,2,down,True,1,545,0,2,0,3
0,4x4-base,546,1,down,False,0,545,0,1,0,2
0,4x4-base,546,2,down,True,1,546,0,2,0,3
0,4x4-base,547,1,down,False,0,546,0,1,0,2
0,4x4-base,547,2,down,True,1,547,0,2,0,3
0,4x4-base,548,1,down,False,0,547,0,1,0,2
0,4x4-base,548,2,down,True,1,548,0,2,0,3
0,4x4-base,549,1,down,False,0,548,0,1,0,2
0,4x4-base,549,2,down,True,1,549,0,2,0,3
0,4x4-base,550,1,down,False,0,549,0,1,0,2
0,4x4-base,550,2,down,True,1,550,0,2,0,3
0,4x4-base,551,1,down,False,0,550,0,1,0,2
0,4x4-base,551,2,down,True,1,551,0,2,0,3
0,4x4-base,552,1,down,False,0,551,0,1,0,2
0,4x4-base,552,2,down,True,1,552,0,2,0,3
0,4x4-base,553,1,down,False,0,552,0,1,0,2
0,4x4-base,553,2,down,True,1,553,0,2,0,3
0,4x4-base,554,1,down,False,0,553,0,1,0,2
0,4x4-base,554,2,down,True,1,554,0,2,0,3
0,4x4-base,555,1,down,False,0,554,0,1,0,2
0,4x4-base,555,2,down,True,1,555,0,2,0,3
0,4x4-base,556,1,down,False,0,555,0,1,0,2
0,4x4-base,556,2,down,True,1,556,0,2,0,3
0,4x4-base,557,1,down,False,0,556,0,1,0,2
0,4x4-base,557,2,down,True,1,557,0,2,0,3
0,4x4-base,558,1,down,False,0,557,0,1,0,2
0,4x4-base,558,2,down,True,1,558,0,2,0,3
0,4x4-base,559,1,down,False,0,558,0,1,0,2
0,4x4-base,559,2,down,True,1,559,0,2,0,3
0,4x4-base,560,1,down,False,0,559,0,1,0,2
0,4x4-base,560,2,down,True,1,560,0,2,0,3
0,4x4-base,561,1,down,False,0,560,0,1,0,2
0,4x4-base,561,2,down,True,1,561,0,2,0,3
0,4x4-base,562,1,down,False,0,561,0,1,0,2
0,4x4-base,562,2,down,True,1,562,0,2,0,3
0,4x4-base,563,1,down,False,0,562,0,1,0,2
0,4x4-base,563,2,down,True,1,563,0,2,0,3
0,4x4-base,564,1,down,False,0,563,0,1,0,2
0,4x4-base,564,2,down,True,1,564,0,2,0,3
0,4x4-base,565,1,down,False,0,564,0,1,0,2
0,4x4-base,565,2,down,True,1,565,0,2,0,3
0,4x4-base,566,1,down,False,0,565,0,1,0,2
0,4x4-base,566,2,down,True,1,566,0,2,0,3
0,4x4-base,567,1,down,False,0,566,0,1,0,2
0,4x4-base,567,2,down,True,1,567,0,2,0,3
0,4x4-base,568,1,down,False,0,567,0,1,0,2
0,4x4-base,568,2,down,True,1,568,0,2,0,3
0,4x4-base,569,1,down,False,0,568,0,1,0,2
0,4x4-base,569,2,down,True,1,569,0,2,0,3
0,4x4-base,570,1,down,False,0,569,0,1,0,2
0,4x4-base,570,2,down,True,1,570,0,2,0,3
0,4x4-base,571,1,down,False,0,570,0,1,0,2
0,4x4-base,571,2,down,True,1,571,0,2,0,3
0,4x4-base,572,1,down,False,0,571,0,1,0,2
0,4x4-base,572,2,down,True,1,572,0,2,0,3
0,4x4-base,573,1,down,False,0,572,0,1,0,2
0,4x4-base,573,2,down,True,1,573,0,2,0,3
0,4x4-base,574,1,down,False,0,573,0,1,0,2
0,4x4-base,574,2,down,True,1,574,0,2,0,3
0,4x4-base,575,1,down,False,0,574,0,1,0,2
0,4x4-base,575,2,down,True,1,575,0,2,0,3
0,4x4-base,576,1,down,False,0,575,0,1,0,2
0,4x4-base,576,2,down,True,1,576,0,2,0,3
0,4x4-base,577,1,down,False,0,576,0,1,0,2
0,4x4-base,577,2,down,True,1,577,0,2,0,3
0,4x4-base,578,1,down,False,0,577,0,1,0,2
0,4x4-base,578,2,down,True,1,578,0,2,0,3
0,4x4-base,579,1,down,False,0,578,0,1,0,2
0,4x4-base,579,2,down,True,1,579,0,2,0,3
0,4x4-base,580,1,down,False,0,579,0,1,0,2
0,4x4-base,580,2,down,True,1,580,0,2,0,3
0,4x4-base,581,1,down,False,0,580,0,1,0,2
0,4x4-base,581,2,down,True,1,581,0,2,0,3
0,4x4-base,582,1,down,False,0,581,0,1,0,2
0,4x4-base,582,2,down,True,1,582,0,2,0,3
0,4x4-base,583,1,down,False,0,582,0,1,0,2
0,4x4-base,583,2,down,True,1,583,0,2,0,3
0,4x4-base,584,1,down,False,0,583,0,1,0,2
0,4x4-base,584,2,down,True,1,584,0,2,0,3
0,4x4-base,585,1,down,False,0,584,0,1,0,2
0,4x4-base,585,2,down,True,1,585,0,2,0,3
0,4x4-base,586,1,down,False,0,585,0,1,0,2
0,4x4-base,586,2,down,True,1,586,0,2,0,3
0,4x4-base,587,1,down,False,0,586,0,1,0,2
0,4x4-base,587,2,down,True,1,587,0,2,0,3
0,4x4-base,588,1,down,False,0,587,0,1,0,2
0,4x4-base,588,2,down,True,1,588,0,2,0,3
0,4x4-base,589,1,down,False,0,588,0,1,0,2
0,4x4-base,589,2,down,True,1,589,0,2,0,3
0,4x4-base,590,1,down,False,0,589,0,1,0,2
0,4x4-base,590,2,down,True,1,590,0,2,0,3
0,4x4-base,591,1,down,False,0,590,0,1,0,2
0,4x4-base,591,2,down,True,1,591,0,2,0,3
0,4x4-base,592,1,down,False,0,591,0,1,0,2
0,4x4-base,592,2,down,True,1,592,0,2,0,3
0,4x4-base,593,1,down,False,0,592,0,1,0,2
0,4x4-base,593,2,down,True,1,593,0,2,0,3
0,4x4-base,594,1,down,False,0,593,0,1,0,2
0,4x4-base,594,2,down,True,1,594,0,2,0,3
0,4x4-base,595,1,down,False,0,594,0,1,0,2
0,4x4-base,595,2,down,True,1,595,0,2,0,3
0,4x4-base,596,1,down,False,0,595,0,1,0,2
0,4x4-base,596,2,down,True,1,596,0,2,0,3
0,4x4-base,597,1,down,False,0,596,0,1,0,2
0,4x4-base,597,2,down,True,1,597,0,2,0,3
0,4x4-base,598,1,down,False,0,597,0,1,0,2
0,4x4-base,598,2,down,True,1,598,0,2,0,3
0,4x4-base,599,1,down,False,0,598,0,1,0,2
0,4x4-base,599,2,down,True,1,599,0,2,0,3
0,4x4-base,600,1,down,False,0,599,0,1,0,2
0,4x4-base,600,2,down,True,1,600,0,2,0,3
0,4x4-base,601,1,down,False,0,600,0,1,0,2
0,4x4-base,601,2,down,True,1,601,0,2,0,3
0,4x4-base,602,1,down,False,0,601,0,1,0,2
0,4x4-base,602,2,down,True,1,602,0,2,0,3
0,4x4-base,603,1,down,False,0,602,0,1,0,2
0,4x4-base,603,2,down,True,1,603,0,2,0,3
0,4x4-base,604,1,down,False,0,603,0,1,0,2
0,4x4-base,604,2,down,True,1,604,0,2,0,3
0,4x4-base,605,1,down,False,0,604,0,1,0,2
0,4x4-base,605,2,down,True,1,605,0,2,0,3
0,4x4-base,606,1,down,False,0,605,0,1,0,2
0,4x4-base,606,2,down,True,1,606,0,2,0,3
0,4x4-base,607,1,down,False,0,606,0,1,0,2
0,4x4-base,607,2,down,True,1,607,0,2,0,3
0,4x4-base,608,1,down,False,0,607,0,1,0,2
0,4x4-base,608,2,down,True,1,608,0,2,0,3
0,4x4-base,609,1,down,False,0,608,0,1,0,2
0,4x4-base,609,2,down,True,1,609,0,2,0,3
0,4x4-base,610,1,down,False,0,609,0,1,0,2
0,4x4-base,610,2,down,True,1,610,0,2,0,3
0,4x4-base,611,1,down,False,0,610,0,1,0,2
0,4x4-base,611,2,down,True,1,611,0,2,0,3
0,4x4-base,612,1,down,False,0,611,0,1,0,2
0,4x4-base,612,2,down,True,1,612,0,2,0,3
0,4x4-base,613,1,down,False,0,612,0,1,0,2
0,4x4-base,613,2,down,True,1,613,0,2,0,3
0,4x4-base,614,1,down,False,0,613,0,1,0,2
0,4x4-base,614,2,down,True,1,614,0,2,0,3
0,4x4-base,615,1,down,False,0,614,0,1,0,2
0,4x4-base,615,2,down,True,1,615,0,2,0,3
0,4x4-base,616,1,down,False,0,615,0,1,0,2
0,4x4-base,616,2,down,True,1,616,0,2,0,3
0,4x4-base,617,1,down,False,0,616,0,1,0,2
0,4x4-base,617,2,down,True,1,617,0,2,0,3
0,4x4-base,618,1,down,False,0,617,0,1,0,2
0,4x4-base,618,2,down,True,1,618,0,2,0,3
0,4x4-base,619,1,down,False,0,618,0,1,0,2
0,4x4-base,619,2,down,True,1,619,0,2,0,3
0,4x4-base,620,1,down,False,0,619,0,1,0,2
0,4x4-base,620,2,down,True,1,620,0,2,0,3
0,4x4-base,621,1,down,False,0,620,0,1,0,2
0,4x4-base,621,2,down,True,1,621,0,2,0,3
0,4x4-base,622,1,down,False,0,621,0,1,0,2
0,4x4-base,622,2,down,True,1,622,0,2,0,3
0,4x4-base,623,1,down,False,0,622,0,1,0,2
0,4x4-base,623,2,down,True,1,623,0,2,0,3
0,4x4-base,624,1,down,False,0,623,0,1,0,2
0,4x4-base,624,2,down,True,1,624,0,2,0,3
0,4x4-base,625,1,down,False,0,624,0,1,0,2
0,4x4-base,625,2,down,True,1,625,0,2,0,3
0,4x4-base,626,1,down,False,0,625,0,1,0,2
0,4x4-base,626,2,down,True,1,626,0,2,0,3
0,4x4-base,627,1,down,False,0,626,0,1,0,2
0,4x4-base,627,2,down,True,1,627,0,2,0,3
0,4x4-base,628,1,down,False,0,627,0,1,0,2
0,4x4-base,628,2,down,True,1,628,0,2,0,3
0,4x4-base,629,1,down,False,0,628,0,1,0,2
0,4x4-base,629,2,down,True,1,629,0,2,0,3
0,4x4-base,630,1,down,False,0,629,0,1,0,2
0,4x4-base,630,2,down,True,1,630,0,2,0,3
0,4x4-base,631,1,down,False,0,630,0,1,0,2
0,4x4-base,631,2,down,True,1,631,0,2,0,3
0,4x4-base,632,1,down,False,0,631,0,1,0,2
0,4x4-base,632,2,down,True,1,632,0,2,0,3
0,4x4-base,633,1,down,False,0,632,0,1,0,2
0,4x4-base,633,2,down,True,1,633,0,2,0,3
0,4x4-base,634,1,down,False,0,633,0,1,0,2
0,4x4-base,634,2,down,True,1,634,0,2,0,3
0,4x4-base,635,1,down,False,0,634,0,1,0,2
0,4x4-base,635,2,down,True,1,635,0,2,0,3
0,4x4-base,636,1,down,False,0,635,0,1,0,2
0,4x4-base,636,2,down,True,1,636,0,2,0,3
0,4x4-base,637,1,down,False,0,636,0,1,0,2
0,4x4-base,637,2,down,True,1,637,0,2,0,3
0,4x4-base,638,1,down,False,0,637,0,1,0,2
0,4x4-base,638,2,down,True,1,638,0,2,0,3
0,4x4-base,639,1,down,False,0,638,0,1,0,2
0,4x4-base,639,2,down,True,1,639,0,2,0,3
0,4x4-base,640,1,down,False,0,639,0,1,0,2
0,4x4-base,640,2,down,True,1,640,0,2,0,3
0,4x4-base,641,1,down,False,0,640,0,1,0,2
0,4x4-base,641,2,down,True,1,641,0,2,0,3
0,4x4-base,642,1,down,False,0,641,0,1,0,2
0,4x4-base,642,2,down,True,1,642,0,2,0,3
0,4x4-base,643,1,down,False,0,642,0,1,0,2
0,4x4-base,643,2,down,True,1,643,0,2,0,3
0,4x4-base,644,1,down,False,0,643,0,1,0,2
0,4x4-base,644,2,down,True,1,644,0,2,0,3
0,4x4-base,645,1,down,False,0,644,0,1,0,2
0,4x4-base,645,2,down,True,1,645,0,2,0,3
0,4x4-base,646,1,down,False,0,645,0,1,0,2
0,4x4-base,646,2,down,True,1,646,0,2,0,3
0,4x4-base,647,1,down,False,0,646,0,1,0,2
0,4x4-base,647,2,down,True,1,647,0,2,0,3
0,4x4-base,648,1,down,False,0,647,0,1,0,2
0,4x4-base,648,2,down,True,1,648,0,2,0,3
0,4x4-base,649,1,down,False,0,648,0,1,0,2
0,4x4-base,649,2,down,True,1,649,0,2,0,3
0,4x4-base,650,1,down,False,0,649,0,1,0,2
0,4x4-base,650,2,down,True,1,650,0,2,0,3
0,4x4-base,651,1,down,False,0,650,0,1,0,2
0,4x4-base,651,2,down,True,1,651,0,2,0,3
0,4x4-base,652,1,down,False,0,651,0,1,0,2
0,4x4-base,652,2,down,True,1,652,0,2,0,3
0,4x4-base,653,1,down,False,0,652,0,1,0,2
0,4x4-base,653,2,down,True,1,653,0,2,0,3
0,4x4-base,654,1,down,False,0,653,0,1,0,2
0,4x4-base,654,2,down,True,1,654,0,2,0,3
0,4x4-base,655,1,down,False,0,654,0,1,0,2
0,4x4-base,655,2,down,True,1,655,0,2,0,3
0,4x4-base,656,1,down,False,0,655,0,1,0,2
0,4x4-base,656,2,down,True,1,656,0,2,0,3
0,4x4-base,657,1,down,False,0,656,0,1,0,2
0,4x4-base,657,2,down,True,1,657,0,2,0,3
0,4x4-base,658,1,down,False,0,657,0,1,0,2
0,4x4-base,658,2,down,True,1,658,0,2,0,3
0,4x4-base,659,1,down,False,0,658,0,1,0,2
0,4x4-base,659,2,down,True,1,659,0,2,0,3
0,4x4-base,660,1,down,False,0,659,0,1,0,2
0,4x4-base,660,2,down,True,1,660,0,2,0,3
0,4x4-base,661,1,down,False,0,660,0,1,0,2
0,4x4-base,661,2,down,True,1,661,0,2,0,3
0,4x4-base,662,1,down,False,0,661,0,1,0,2
0,4x4-base,662,2,down,True,1,662,0,2,0,3
0,4x4-base,663,1,down,False,0,662,0,1,0,2
0,4x4-base,663,2,down,True,1,663,0,2,0,3
0,4x4-base,664,1,down,False,0,663,0,1,0,2
0,4x4-base,664,2,down,True,1,664,0,2,0,3
0,4x4-base,665,1,down,False,0,664,0,1,0,2
0,4x4-base,665,2,down,True,1,665,0,2,0,3
0,4x4-base,666,1,down,False,0,665,0,1,0,2
0,4x4-base,666,2,down,True,1,666,0,2,0,3
0,4x4-base,667,1,down,False,0,666,0,1,0,2
0,4x4-base,667,2,down,True,1,667,0,2,0,3
0,4x4-base,668,1,down,False,0,667,0,1,0,2
0,4x4-base,668,2,down,True,1,668,0,2,0,3
0,4x4-base,669,1,down,False,0,668,0,1,0,2
0,4x4-base,669,2,down,True,1,669,0,2,0,3
0,4x4-base,670,1,down,False,0,669,0,1,0,2
0,4x4-base,670,2,down,True,1,670,0,2,0,3
0,4x4-base,671,1,down,False,0,670,0,1,0,2
0,4x4-base,671,2,down,True,1,671,0,2,0,3
0,4x4-base,672,1,down,False,0,671,0,1,0,2
0,4x4-base,672,2,down,True,1,672,0,2,0,3
0,4x4-base,673,1,down,False,0,672,0,1,0,2
0,4x4-base,673,2,down,True,1,673,0,2,0,3
0,4x4-base,674,1,down,False,0,673,0,1,0,2
0,4x4-base,674,2,down,True,1,674,0,2,0,3
0,4x4-base,675,1,down,False,0,674,0,1,0,2
0,4x4-base,675,2,down,True,1,675,0,2,0,3
0,4x4-base,676,1,down,False,0,675,0,1,0,2
0,4x4-base,676,2,down,True,1,676,0,2,0,3
0,4x4-base,677,1,down,False,0,676,0,1,0,2
0,4x4-base,677,2,down,True,1,677,0,2,0,3
0,4x4-base,678,1,down,False,0,677,0,1,0,2
0,4x4-base,678,2,down,True,1,678,0,2,0,3
0,4x4-base,679,1,down,False,0,678,0,1,0,2
0,4x4-base,679,2,down,True,1,679,0,2,0,3
0,4x4-base,680,1,down,False,0,679,0,1,0,2
0,4x4-base,680,2,down,True,1,680,0,2,0,3
0,4x4-base,681,1,down,False,0,680,0,1,0,2
0,4x4-base,681,2,down,True,1,681,0,2,0,3
0,4x4-base,682,1,down,False,0,681,0,1,0,2
0,4x4-base,682,2,down,True,1,682,0,2,0,3
0,4x4-base,683,1,down,False,0,682,0,1,0,2
0,4x4-base,683,2,down,True,1,683,0,2,0,3
0,4x4-base,684,1,down,False,0,683,0,1,0,2
0,4x4-base,684,2,down,True,1,684,0,2,0,3
0,4x4-base,685,1,down,False,0,684,0,1,0,2
0,4x4-base,685,2,down,True,1,685,0,2,0,3
0,4x4-base,686,1,down,False,0,685,0,1,0,2
0,4x4-base,686,2,down,True,1,686,0,2,0,3
0,4x4-base,687,1,down,False,0,686,0,1,0,2
0,4x4-base,687,2,down,True,1,687,0,2,0,3
0,4x4-base,688,1,down,False,0,687,0,1,0,2
0,4x4-base,688,2,down,True,1,688,0,2,0,3
0,4x4-base,689,1,down,False,0,688,0,1,0,2
0,4x4-base,689,2,down,True,1,689,0,2,0,3
0,4x4-base,690,1,down,False,0,689,0,1,0,2
0,4x4-base,690,2,down,True,1,690,0,2,0,3
0,4x4-base,691,1,down,False,0,690,0,1,0,2
0,4x4-base,691,2,down,True,1,691,0,2,0,3
0,4x4-base,692,1,down,False,0,691,0,1,0,2
0,4x4-base,692,2,down,True,1,692,0,2,0,3
0,4x4-base,693,1,down,False,0,692,0,1,0,2
0,4x4-base,693,2,down,True,1,693,0,2,0,3
0,4x4-base,694,1,down,False,0,693,0,1,0,2
0,4x4-base,694,2,down,True,1,694,0,2,0,3
0,4x4-base,695,1,down,False,0,694,0,1,0,2
0,4x4-base,695,2,down,True,1,695,0,2,0,3
0,4x4-base,696,1,down,False,0,695,0,1,0,2
0,4x4-base,696,2,down,True,1,696,0,2,0,3
0,4x4-base,697,1,down,False,0,696,0,1,0,2
0,4x4-base,697,2,down,True,1,697,0,2,0,3
0,4x4-base,698,1,down,False,0,697,0,1,0,2
0,4x4-base,698,2,down,True,1,698,0,2,0,3
0,4x4-base,699,1,down,False,0,698,0,1,0,2
0,4x4-base,699,2,down,True,1,699,0,2,0,3
0,4x4-base,700,1,down,False,0,699,0,1,0,2
0,4x4-base,700,2,down,True,1,700,0,2,0,3
0,4x4-base,701,1,down,False,0,700,0,1,0,2
0,4x4-base,701,2,down,True,1,701,0,2,0,3
0,4x4-base,702,1,down,False,0,701,0,1,0,2
0,4x4-base,702,2,down,True,1,702,0,2,0,3
0,4x4-base,703,1,down,False,0,702,0,1,0,2
0,4x4-base,703,2,down,True,1,703,0,2,0,3
0,4x4-base,704,1,down,False,0,703,0,1,0,2
0,4x4-base,704,2,down,True,1,704,0,2,0,3
0,4x4-base,705,1,down,False,0,704,0,1,0,2
0,4x4-base,705,2,down,True,1,705,0,2,0,3
0,4x4-base,706,1,down,False,0,705,0,1,0,2
0,4x4-base,706,2,down,True,1,706,0,2,0,3
0,4x4-base,707,1,down,False,0,706,0,1,0,2
0,4x4-base,707,2,down,True,1,707,0,2,0,3
0,4x4-base,708,1,down,False,0,707,0,1,0,2
0,4x4-base,708,2,down,True,1,708,0,2,0,3
0,4x4-base,709,1,down,False,0,708,0,1,0,2
0,4x4-base,709,2,down,True,1,709,0,2,0,3
0,4x4-base,710,1,down,False,0,709,0,1,0,2
0,4x4-base,710,2,down,True,1,710,0,2,0,3
0,4x4-base,711,1,down,False,0,710,0,1,0,2
0,4x4-base,711,2,down,True,1,711,0,2,0,3
0,4x4-base,712,1,down,False,0,711,0,1,0,2
0,4x4-base,712,2,down,True,1,712,0,2,0,3
0,4x4-base,713,1,down,False,0,712,0,1,0,2
0,4x4-base,713,2,down,True,1,713,0,2,0,3
0,4x4-base,714,1,down,False,0,713,0,1,0,2
0,4x4-base,714,2,down,True,1,714,0,2,0,3
0,4x4-base,715,1,down,False,0,714,0,1,0,2
0,4x4-base,715,2,down,True,1,715,0,2,0,3
0,4x4-base,716,1,down,False,0,715,0,1,0,2
0,4x4-base,716,2,down,True,1,716,0,2,0,3
0,4x4-base,717,1,down,False,0,716,0,1,0,2
0,4x4-base,717,2,down,True,1,717,0,2,0,3
0,4x4-base,718,1,down,False,0,717,0,1,0,2
0,4x4-base,718,2,down,True,1,718,0,2,0,3
0,4x4-base,719,1,down,False,0,718,0,1,0,2
0,4x4-base,719,2,down,True,1,719,0,2,0,3
0,4x4-base,720,1,down,False,0,719,0,1,0,2
0,4x4-base,720,2,down,True,1,720,0,2,0,3
0,4x4-base,721,1,down,False,0,720,0,1,0,2
0,4x4-base,721,2,down,True,1,721,0,2,0,3
0,4x4-base,722,1,down,False,0,721,0,1,0,2
0,4x4-base,722,2,down,True,1,722,0,2,0,3
0,4x4-base,723,1,down,False,0,722,0,1,0,2
0,4x4-base,723,2,down,True,1,723,0,2,0,3
0,4x4-base,724,1,down,False,0,723,0,1,0,2
0,4x4-base,724,2,down,True,1,724,0,2,0,3
0,4x4-base,725,1,down,False,0,724,0,1,0,2
0,4x4-base,725,2,down,True,1,725,0,2,0,3
0,4x4-base,726,1,down,False,0,725,0,1,0,2
0,4x4-base,726,2,down,True,1,726,0,2,0,3
0,4x4-base,727,1,down,False,0,726,0,1,0,2
0,4x4-base,727,2,down,True,1,727,0,2,0,3
0,4x4-base,728,1,down,False,0,727,0,1,0,2
0,4x4-base,728,2,down,True,1,728,0,2,0,3
0,4x4-base,729,1,down,False,0,728,0,1,0,2
0,4x4-base,729,2,down,True,1,729,0,2,0,3
0,4x4-base,730,1,down,False,0,729,0,1,0,2
0,4x4-base,730,2,down,True,1,730,0,2,0,3
0,4x4-base,731,1,down,False,0,730,0,1,0,2
0,4x4-base,731,2,down,True,1,731,0,2,0,3
0,4x4-base,732,1,down,False,0,731,0,1,0,2
0,4x4-base,732,2,down,True,1,732,0,2,0,3
0,4x4-base,733,1,down,False,0,732,0,1,0,2
0,4x4-base,733,2,down,True,1,733,0,2,0,3
0,4x4-base,734,1,down,False,0,733,0,1,0,2
0,4x4-base,734,2,down,True,1,734,0,2,0,3
0,4x4-base,735,1,down,False,0,734,0,1,0,2
0,4x4-base,735,2,down,True,1,735,0,2,0,3
0,4x4-base,736,1,down,False,0,735,0,1,0,2
0,4x4-base,736,2,down,True,1,736,0,2,0,3
0,4x4-base,737,1,down,False,0,736,0,1,0,2
0,4x4-base,737,2,down,True,1,737,0,2,0,3
0,4x4-base,738,1,down,False,0,737,0,1,0,2
0,4x4-base,738,2,down,True,1,738,0,2,0,3
0,4x4-base,739,1,down,False,0,738,0,1,0,2
0,4x4-base,739,2,down,True,1,739,0,2,0,3
0,4x4-base,740,1,down,False,0,739,0,1,0,2
0,4x4-base,740,2,down,True,1,740,0,2,0,3
0,4x4-base,741,1,down,False,0,740,0,1,0,2
0,4x4-base,741,2,down,True,1,741,0,2,0,3
0,4x4-base,742,1,down,False,0,741,0,1,0,2
0,4x4-base,742,2,down,True,1,742,0,2,0,3
0,4x4-base,743,1,down,False,0,742,0,1,0,2
0,4x4-base,743,2,down,True,1,743,0,2,0,3
0,4x4-base,744,1,down,False,0,743,0,1,0,2
0,4x4-base,744,2,down,True,1,744,0,2,0,3
0,4x4-base,745,1,down,False,0,744,0,1,0,2
0,4x4-base,745,2,down,True,1,745,0,2,0,3
0,4x4-base,746,1,down,False,0,745,0,1,0,2
0,4x4-base,746,2,down,True,1,746,0,2,0,3
0,4x4-base,747,1,down,False,0,746,0,1,0,2
0,4x4-base,747,2,down,True,1,747,0,2,0,3
0,4x4-base,748,1,down,False,0,747,0,1,0,2
0,4x4-base,748,2,down,True,1,748,0,2,0,3
0,4x4-base,749,1,down,False,0,748,0,1,0,2
0,4x4-base,749,2,down,True,1,749,0,2,0,3
0,4x4-base,750,1,down,False,0,749,0,1,0,2
0,4x4-base,750,2,down,True,1,750,0,2,0,3
0,4x4-base,751,1,down,False,0,750,0,1,0,2
0,4x4-base,751,2,down,True,1,751,0,2,0,3
0,4x4-base,752,1,down,False,0,751,0,1,0,2
0,4x4-base,752,2,down,True,1,752,0,2,0,3
0,4x4-base,753,1,down,False,0,752,0,1,0,2
0,4x4-base,753,2,down,True,1,753,0,2,0,3
0,4x4-base,754,1,down,False,0,753,0,1,0,2
0,4x4-base,754,2,down,True,1,754,0,2,0,3
0,4x4-base,755,1,down,False,0,754,0,1,0,2
0,4x4-base,755,2,down,True,1,755,0,2,0,3
0,4x4-base,756,1,down,False,0,755,0,1,0,2
0,4x4-base,756,2,down,True,1,756,0,2,0,3
0,4x4-base,757,1,down,False,0,756,0,1,0,2
0,4x4-base,757,2,down,True,1,757,0,2,0,3
0,4x4-base,758,1,down,False,0,757,0,1,0,2
0,4x4-base,758,2,down,True,1,758,0,2,0,3
0,4x4-base,759,1,down,False,0,758,0,1,0,2
0,4x4-base,759,2,down,True,1,759,0,2,0,3
0,4x4-base,760,1,down,False,0,759,0,1,0,2
0,4x4-base,760,2,down,True,1,760,0,2,0,3
0,4x4-base,761,1,down,False,0,760,0,1,0,2
0,4x4-base,761,2,down,True,1,761,0,2,0,3
0,4x4-base,762,1,down,False,0,761,0,1,0,2
0,4x4-base,762,2,down,True,1,762,0,2,0,3
0,4x4-base,763,1,down,False,0,762,0,1,0,2
0,4x4-base,763,2,down,True,1,763,0,2,0,3
0,4x4-base,764,1,down,False,0,763,0,1,0,2
0,4x4-base,764,2,down,True,1,764,0,2,0,3
0,4x4-base,765,1,down,False,0,764,0,1,0,2
0,4x4-base,765,2,down,True,1,765,0,2,0,3
0,4x4-base,766,1,down,False,0,765,0,1,0,2
0,4x4-base,766,2,down,True,1,766,0,2,0,3
0,4x4-base,767,1,down,False,0,766,0,1,0,2
0,4x4-base,767,2,down,True,1,767,0,2,0,3
0,4x4-base,768,1,down,False,0,767,0,1,0,2
0,4x4-base,768,2,down,True,1,768,0,2,0,3
0,4x4-base,769,1,down,False,0,768,0,1,0,2
0,4x4-base,769,2,down,True,1,769,0,2,0,3
0,4x4-base,770,1,down,False,0,769,0,1,0,2
0,4x4-base,770,2,down,True,1,770,0,2,0,3
0,4x4-base,771,1,down,False,0,770,0,1,0,2
0,4x4-base,771,2,down,True,1,771,0,2,0,3
0,4x4-base,772,1,down,False,0,771,0,1,0,2
0,4x4-base,772,2,down,True,1,772,0,2,0,3
0,4x4-base,773,1,down,False,0,772,0,1,0,2
0,4x4-base,773,2,down,True,1,773,0,2,0,3
0,4x4-base,774,1,down,False,0,773,0,1,0,2
0,4x4-base,774,2,down,True,1,774,0,2,0,3
0,4x4-base,775,1,down,False,0,774,0,1,0,2
0,4x4-base,775,2,down,True,1,775,0,2,0,3
0,4x4-base,776,1,down,False,0,775,0,1,0,2
0,4x4-base,776,2,down,True,1,776,0,2,0,3
0,4x4-base,777,1,down,False,0,776,0,1,0,2
0,4x4-base,777,2,down,True,1,777,0,2,0,3
0,4x4-base,778,1,down,False,0,777,0,1,0,2
0,4x4-base,778,2,down,True,1,778,0,2,0,3
0,4x4-base,779,1,down,False,0,778,0,1,0,2
0,4x4-base,779,2,down,True,1,779,0,2,0,3
0,4x4-base,780,1,down,False,0,779,0,1,0,2
0,4x4-base,780,2,down,True,1,780,0,2,0,3
0,4x4-base,781,1,down,False,0,780,0,1,0,2
0,4x4-base,781,2,down,True,1,781,0,2,0,3
0,4x4-base,782,1,down,False,0,781,0,1,0,2
0,4x4-base,782,2,down,True,1,782,0,2,0,3
0,4x4-base,783,1,down,False,0,782,0,1,0,2
0,4x4-base,783,2,down,True,1,783,0,2,0,3
0,4x4-base,784,1,down,False,0,783,0,1,0,2
0,4x4-base,784,2,down,True,1,784,0,2,0,3
0,4x4-base,785,1,down,False,0,784,0,1,0,2
0,4x4-base,785,2,down,True,1,785,0,2,0,3
0,4x4-base,786,1,down,False,0,785,0,1,0,2
0,4x4-base,786,2,down,True,1,786,0,2,0,3
0,4x4-base,787,1,down,False,0,786,0,1,0,2
0,4x4-base,787,2,down,True,1,787,0,2,0,3
0,4x4-base,788,1,down,False,0,787,0,1,0,2
0,4x4-base,788,2,down,True,1,788,0,2,0,3
0,4x4-base,789,1,down,False,0,788,0,1,0,2
0,4x4-base,789,2,down,True,1,789,0,2,0,3
0,4x4-base,790,1,down,False,0,789,0,1,0,2
0,4x4-base,790,2,down,True,1,790,0,2,0,3
0,4x4-base,791,1,down,False,0,790,0,1,0,2
0,4x4-base,791,2,down,True,1,791,0,2,0,3
0,4x4-base,792,1,down,False,0,791,0,1,0,2
0,4x4-base,792,2,down,True,1,792,0,2,0,3
0,4x4-base,793,1,down,False,0,792,0,1,0,2
0,4x4-base,793,2,down,True,1,793,0,2,0,3
0,4x4-base,794,1,down,False,0,793,0,1,0,2
0,4x4-base,794,2,down,True,1,794,0,2,0,3
0,4x4-base,795,1,down,False,0,794,0,1,0,2
0,4x4-base,795,2,down,True,1,795,0,2,0,3
0,4x4-base,796,1,down,False,0,795,0,1,0,2
0,4x4-base,796,2,down,True,1,796,0,2,0,3
0,4x4-base,797,1,down,False,0,796,0,1,0,2
0,4x4-base,797,2,down,True,1,797,0,2,0,3
0,4x4-base,798,1,down,False,0,797,0,1,0,2
0,4x4-base,798,2,down,True,1,798,0,2,0,3
0,4x4-base,799,1,down,False,0,798,0,1,0,2
0,4x4-base,799,2,down,True,1,799,0,2,0,3
0,4x4-base,800,1,down,False,0,799,0,1,0,2
0,4x4-base,800,2,down,True,1,800,0,2,0,3
0,4x4-base,801,1,down,False,0,800,0,1,0,2
0,4x4-base,801,2,down,True,1,801,0,2,0,3
0,4x4-base,802,1,down,False,0,801,0,1,0,2
0,4x4-base,802,2,down,True,1,802,0,2,0,3
0,4x4-base,803,1,down,False,0,802,0,1,0,2
0,4x4-base,803,2,down,True,1,803,0,2,0,3
0,4x4-base,804,1,down,False,0,803,0,1,0,2
0,4x4-base,804,2,down,True,1,804,0,2,0,3
0,4x4-base,805,1,down,False,0,804,0,1,0,2
0,4x4-base,805,2,down,True,1,805,0,2,0,3
0,4x4-base,806,1,down,False,0,805,0,1,0,2
0,4x4-base,806,2,down,True,1,806,0,2,0,3
0,4x4-base,807,1,down,False,0,806,0,1,0,2
0,4x4-base,807,2,down,True,1,807,0,2,0,3
0,4x4-base,808,1,down,False,0,807,0,1,0,2
0,4x4-base,808,2,down,True,1,808,0,2,0,3
0,4x4-base,809,1,down,False,0,808,0,1,0,2
0,4x4-base,809,2,down,True,1,809,0,2,0,3
0,4x4-base,810,1,down,False,0,809,0,1,0,2
0,4x4-base,810,2,down,True,1,810,0,2,0,3
0,4x4-base,811,1,down,False,0,810,0,1,0,2
0,4x4-base,811,2,down,True,1,811,0,2,0,3
0,4x4-base,812,1,down,False,0,811,0,1,0,2
0,4x4-base,812,2,down,True,1,812,0,2,0,3
0,4x4-base,813,1,down,False,0,812,0,1,0,2
0,4x4-base,813,2,down,True,1,813,0,2,0,3
0,4x4-base,814,1,down,False,0,813,0,1,0,2
0,4x4-base,814,2,down,True,1,814,0,2,0,3
0,4x4-base,815,1,down,False,0,814,0,1,0,2
0,4x4-base,815,2,down,True,1,815,0,2,0,3
0,4x4-base,816,1,down,False,0,815,0,1,0,2
0,4x4-base,816,2,down,True,1,816,0,2,0,3
0,4x4-base,817,1,down,False,0,816,0,1,0,2
0,4x4-base,817,2,down,True,1,817,0,2,0,3
0,4x4-base,818,1,down,False,0,817,0,1,0,2
0,4x4-base,818,2,down,True,1,818,0,2,0,3
0,4x4-base,819,1,down,False,0,818,0,1,0,2
0,4x4-base,819,2,down,True,1,819,0,2,0,3
0,4x4-base,820,1,down,False,0,819,0,1,0,2
0,4x4-base,820,2,down,True,1,820,0,2,0,3
0,4x4-base,821,1,down,False,0,820,0,1,0,2
0,4x4-base,821,2,down,True,1,821,0,2,0,3
0,4x4-base,822,1,down,False,0,821,0,1,0,2
0,4x4-base,822,2,down,True,1,822,0,2,0,3
0,4x4-base,823,1,down,False,0,822,0,1,0,2
0,4x4-base,823,2,down,True,1,823,0,2,0,3
0,4x4-base,824,1,down,False,0,823,0,1,0,2
0,4x4-base,824,2,down,True,1,824,0,2,0,3
0,4x4-base,825,1,down,False,0,824,0,1,0,2
0,4x4-base,825,2,down,True,1,825,0,2,0,3
0,4x4-base,826,1,down,False,0,825,0,1,0,2
0,4x4-base,826,2,down,True,1,826,0,2,0,3
0,4x4-base,827,1,down,False,0,826,0,1,0,2
0,4x4-base,827,2,down,True,1,827,0,2,0,3
0,4x4-base,828,1,down,False,0,827,0,1,0,2
0,4x4-base,828,2,down,True,1,828,0,2,0,3
0,4x4-base,829,1,down,False,0,828,0,1,0,2
0,4x4-base,829,2,down,True,1,829,0,2,0,3
0,4x4-base,830,1,down,False,0,829,0,1,0,2
0,4x4-base,830,2,down,True,1,830,0,2,0,3
0,4x4-base,831,1,down,False,0,830,0,1,0,2
0,4x4-base,831,2,down,True,1,831,0,2,0,3
0,4x4-base,832,1,down,False,0,831,0,1,0,2
0,4x4-base,832,2,down,True,1,832,0,2,0,3
0,4x4-base,833,1,down,False,0,832,0,1,0,2
0,4x4-base,833,2,down,True,1,833,0,2,0,3
0,4x4-base,834,1,down,False,0,833,0,1,0,2
0,4x4-base,834,2,down,True,1,834,0,2,0,3
0,4x4-base,835,1,down,False,0,834,0,1,0,2
0,4x4-base,835,2,down,True,1,835,0,2,0,3
0,4x4-base,836,1,down,False,0,835,0,1,0,2
0,4x4-base,836,2,down,True,1,836,0,2,0,3
0,4x4-base,837,1,down,False,0,836,0,1,0,2
0,4x4-base,837,2,down,True,1,837,0,2,0,3
0,4x4-base,838,1,down,False,0,837,0,1,0,2
0,4x4-base,838,2,down,True,1,838,0,2,0,3
0,4x4-base,839,1,down,False,0,838,0,1,0,2
0,4x4-base,839,2,down,True,1,839,0,2,0,3
0,4x4-base,840,1,down,False,0,839,0,1,0,2
0,4x4-base,840,2,down,True,1,840,0,2,0,3
0,4x4-base,841,1,down,False,0,840,0,1,0,2
0,4x4-base,841,2,down,True,1,841,0,2,0,3
0,4x4-base,842,1,down,False,0,841,0,1,0,2
0,4x4-base,842,2,down,True,1,842,0,2,0,3
0,4x4-base,843,1,down,False,0,842,0,1,0,2
0,4x4-base,843,2,down,True,1,843,0,2,0,3
0,4x4-base,844,1,down,False,0,843,0,1,0,2
0,4x4-base,844,2,down,True,1,844,0,2,0,3
0,4x4-base,845,1,down,False,0,844,0,1,0,2
0,4x4-base,845,2,down,True,1,845,0,2,0,3
0,4x4-base,846,1,down,False,0,845,0,1,0,2
0,4x4-base,846,2,down,True,1,846,0,2,0,3
0,4x4-base,847,1,down,False,0,846,0,1,0,2
0,4x4-base,847,2,down,True,1,847,0,2,0,3
0,4x4-base,848,1,down,False,0,847,0,1,0,2
0,4x4-base,848,2,down,True,1,848,0,2,0,3
0,4x4-base,849,1,down,False,0,848,0,1,0,2
0,4x4-base,849,2,down,True,1,849,0,2,0,3
0,4x4-base,850,1,down,False,0,849,0,1,0,2
0,4x4-base,850,2,down,True,1,850,0,2,0,3
0,4x4-base,851,1,down,False,0,850,0,1,0,2
0,4x4-base,851,2,down,True,1,851,0,2,0,3
0,4x4-base,852,1,down,False,0,851,0,1,0,2
0,4x4-base,852,2,down,True,1,852,0,2,0,3
0,4x4-base,853,1,down,False,0,852,0,1,0,2
0,4x4-base,853,2,down,True,1,853,0,2,0,3
0,4x4-base,854,1,down,False,0,853,0,1,0,2
0,4x4-base,854,2,down,True,1,854,0,2,0,3
0,4x4-base,855,1,down,False,0,854,0,1,0,2
0,4x4-base,855,2,down,True,1,855,0,2,0,3
0,4x4-base,856,1,down,False,0,855,0,1,0,2
0,4x4-base,856,2,down,True,1,856,0,2,0,3
0,4x4-base,857,1,down,False,0,856,0,1,0,2
0,4x4-base,857,2,down,True,1,857,0,2,0,3
0,4x4-base,858,1,down,False,0,857,0,1,0,2
0,4x4-base,858,2,down,True,1,858,0,2,0,3
0,4x4-base,859,1,down,False,0,858,0,1,0,2
0,4x4-base,859,2,down,True,1,859,0,2,0,3
0,4x4-base,860,1,down,False,0,859,0,1,0,2
0,4x4-base,860,2,down,True,1,860,0,2,0,3
0,4x4-base,861,1,down,False,0,860,0,1,0,2
0,4x4-base,861,2,down,True,1,861,0,2,0,3
0,4x4-base,862,1,down,False,0,861,0,1,0,2
0,4x4-base,862,2,down,True,1,862,0,2,0,3
0,4x4-base,863,1,down,False,0,862,0,1,0,2
0,4x4-base,863,2,down,True,1,863,0,2,0,3
0,4x4-base,864,1,down,False,0,863,0,1,0,2
0,4x4-base,864,2,down,True,1,864,0,2,0,3
0,4x4-base,865,1,down,False,0,864,0,1,0,2
0,4x4-base,865,2,down,True,1,865,0,2,0,3
0,4x4-base,866,1,down,False,0,865,0,1,0,2
0,4x4-base,866,2,down,True,1,866,0,2,0,3
0,4x4-base,867,1,down,False,0,866,0,1,0,2
0,4x4-base,867,2,down,True,1,867,0,2,0,3
0,4x4-base,868,1,down,False,0,867,0,1,0,2
0,4x4-base,868,2,down,True,1,868,0,2,0,3
0,4x4-base,869,1,down,False,0,868,0,1,0,2
0,4x4-base,869,2,down,True,1,869,0,2,0,3
0,4x4-base,870,1,down,False,0,869,0,1,0,2
0,4x4-base,870,2,down,True,1,870,0,2,0,3
0,4x4-base,871,1,down,False,0,870,0,1,0,2
0,4x4-base,871,2,down,True,1,871,0,2,0,3
0,4x4-base,872,1,down,False,0,871,0,1,0,2
0,4x4-base,872,2,down,True,1,872,0,2,0,3
0,4x4-base,873,1,down,False,0,872,0,1,0,2
0,4x4-base,873,2,down,True,1,873,0,2,0,3
0,4x4-base,874,1,down,False,0,873,0,1,0,2
0,4x4-base,874,2,down,True,1,874,0,2,0,3
0,4x4-base,875,1,down,False,0,874,0,1,0,2
0,4x4-base,875,2,down,True,1,875,0,2,0,3
0,4x4-base,876,1,down,False,0,875,0,1,0,2
0,4x4-base,876,2,down,True,1,876,0,2,0,3
0,4x4-base,877,1,down,False,0,876,0,1,0,2
0,4x4-base,877,2,down,True,1,877,0,2,0,3
0,4x4-base,878,1,down,False,0,877,0,1,0,2
0,4x4-base,878,2,down,True,1,878,0,2,0,3
0,4x4-base,879,1,down,False,0,878,0,1,0,2
0,4x4-base,879,2,down,True,1,879,0,2,0,3
0,4x4-base,880,1,down,False,0,879,0,1,0,2
0,4x4-base,880,2,down,True,1,880,0,2,0,3
0,4x4-base,881,1,down,False,0,880,0,1,0,2
0,4x4-base,881,2,down,True,1,881,0,2,0,3
0,4x4-base,882,1,down,False,0,881,0,1,0,2
0,4x4-base,882,2,down,True,1,882,0,2,0,3
0,4x4-base,883,1,down,False,0,882,0,1,0,2
0,4x4-base,883,2,down,True,1,883,0,2,0,3
0,4x4-base,884,1,down,False,0,883,0,1,0,2
0,4x4-base,884,2,down,True,1,884,0,2,0,3
0,4x4-base,885,1,down,False,0,884,0,1,0,2
0,4x4-base,885,2,down,True,1,885,0,2,0,3
0,4x4-base,886,1,down,False,0,885,0,1,0,2
0,4x4-base,886,2,down,True,1,886,0,2,0,3
0,4x4-base,887,1,down,False,0,886,0,1,0,2
0,4x4-base,887,2,down,True,1,887,0,2,0,3
0,4x4-base,888,1,down,False,0,887,0,1,0,2
0,4x4-base,888,2,down,True,1,888,0,2,0,3
0,4x4-base,889,1,down,False,0,888,0,1,0,2
0,4x4-base,889,2,down,True,1,889,0,2,0,3
0,4x4-base,890,1,down,False,0,889,0,1,0,2
0,4x4-base,890,2,down,True,1,890,0,2,0,3
0,4x4-base,891,1,down,False,0,890,0,1,0,2
0,4x4-base,891,2,down,True,1,891,0,2,0,3
0,4x4-base,892,1,down,False,0,891,0,1,0,2
0,4x4-base,892,2,down,True,1,892,0,2,0,3
0,4x4-base,893,1,down,False,0,892,0,1,0,2
0,4x4-base,893,2,down,True,1,893,0,2,0,3
0,4x4-base,894,1,down,False,0,893,0,1,0,2
0,4x4-base,894,2,down,True,1,894,0,2,0,3
0,4x4-base,895,1,down,False,0,894,0,1,0,2
0,4x4-base,895,2,down,True,1,895,0,2,0,3
0,4x4-base,896,1,down,False,0,895,0,1,0,2
0,4x4-base,896,2,down,True,1,896,0,2,0,3
0,4x4-base,897,1,down,False,0,896,0,1,0,2
0,4x4-base,897,2,down,True,1,897,0,2,0,3
0,4x4-base,898,1,down,False,0,897,0,1,0,2
0,4x4-base,898,2,down,True,1,898,0,2,0,3
0,4x4-base,899,1,down,False,0,898,0,1,0,2
0,4x4-base,899,2,down,True,1,899,0,2,0,3
0,4x4-base,900,1,down,False,0,899,0,1,0,2
0,4x4-base,900,2,down,True,1,900,0,2,0,3
0,4x4-base,901,1,down,False,0,900,0,1,0,2
0,4x4-base,901,2,down,True,1,901,0,2,0,3
0,4x4-base,902,1,down,False,0,901,0,1,0,2
0,4x4-base,902,2,down,True,1,902,0,2,0,3
0,4x4-base,903,1,down,False,0,902,0,1,0,2
0,4x4-base,903,2,down,True,1,903,0,2,0,3
0,4x4-base,904,1,down,False,0,903,0,1,0,2
0,4x4-base,904,2,down,True,1,904,0,2,0,3
0,4x4-base,905,1,down,False,0,904,0,1,0,2
0,4x4-base,905,2,down,True,1,905,0,2,0,3
0,4x4-base,906,1,down,False,0,905,0,1,0,2
0,4x4-base,906,2,down,True,1,906,0,2,0,3
0,4x4-base,907,1,down,False,0,906,0,1,0,2
0,4x4-base,907,2,down,True,1,907,0,2,0,3
0,4x4-base,908,1,down,False,0,907,0,1,0,2
0,4x4-base,908,2,down,True,1,908,0,2,0,3
0,4x4-base,909,1,down,False,0,908,0,1,0,2
0,4x4-base,909,2,down,True,1,909,0,2,0,3
0,4x4-base,910,1,down,False,0,909,0,1,0,2
0,4x4-base,910,2,down,True,1,910,0,2,0,3
0,4x4-base,911,1,down,False,0,910,0,1,0,2
0,4x4-base,911,2,down,True,1,911,0,2,0,3
0,4x4-base,912,1,down,False,0,911,0,1,0,2
0,4x4-base,912,2,down,True,1,912,0,2,0,3
0,4x4-base,913,1,down,False,0,912,0,1,0,2
0,4x4-base,913,2,down,True,1,913,0,2,0,3
0,4x4-base,914,1,down,False,0,913,0,1,0,2
0,4x4-base,914,2,down,True,1,914,0,2,0,3
0,4x4-base,915,1,down,False,0,914,0,1,0,2
0,4x4-base,915,2,down,True,1,915,0,2,0,3
0,4x4-base,916,1,down,False,0,915,0,1,0,2
0,4x4-base,916,2,down,True,1,916,0,2,0,3
0,4x4-base,917,1,down,False,0,916,0,1,0,2
0,4x4-base,917,2,down,True,1,917,0,2,0,3
0,4x4-base,918,1,down,False,0,917,0,1,0,2
0,4x4-base,918,2,down,True,1,918,0,2,0,3
0,4x4-base,919,1,down,False,0,918,0,1,0,2
0,4x4-base,919,2,down,True,1,919,0,2,0,3
0,4x4-base,920,1,down,False,0,919,0,1,0,2
0,4x4-base,920,2,down,True,1,920,0,2,0,3
0,4x4-base,921,1,down,False,0,920,0,1,0,2
0,4x4-base,921,2,down,True,1,921,0,2,0,3
0,4x4-base,922,1,down,False,0,921,0,1,0,2
0,4x4-base,922,2,down,True,1,922,0,2,0,3
0,4x4-base,923,1,down,False,0,922,0,1,0,2
0,4x4-base,923,2,down,True,1,923,0,2,0,3
0,4x4-base,924,1,down,False,0,923,0,1,0,2
0,4x4-base,924,2,down,True,1,924,0,2,0,3
0,4x4-base,925,1,down,False,0,924,0,1,0,2
0,4x4-base,925,2,down,True,1,925,0,2,0,3
0,4x4-base,926,1,down,False,0,925,0,1,0,2
0,4x4-base,926,2,down,True,1,926,0,2,0,3
0,4x4-base,927,1,down,False,0,926,0,1,0,2
0,4x4-base,927,2,down,True,1,927,0,2,0,3
0,4x4-base,928,1,down,False,0,927,0,1,0,2
0,4x4-base,928,2,down,True,1,928,0,2,0,3
0,4x4-base,929,1,down,False,0,928,0,1,0,2
0,4x4-base,929,2,down,True,1,929,0,2,0,3
0,4x4-base,930,1,down,False,0,929,0,1,0,2
0,4x4-base,930,2,down,True,1,930,0,2,0,3
0,4x4-base,931,1,down,False,0,930,0,1,0,2
0,4x4-base,931,2,down,True,1,931,0,2,0,3
0,4x4-base,932,1,down,False,0,931,0,1,0,2
0,4x4-base,932,2,down,True,1,932,0,2,0,3
0,4x4-base,933,1,down,False,0,932,0,1,0,2
0,4x4-base,933,2,down,True,1,933,0,2,0,3
0,4x4-base,934,1,down,False,0,933,0,1,0,2
0,4x4-base,934,2,down,True,1,934,0,2,0,3
0,4x4-base,935,1,down,False,0,934,0,1,0,2
0,4x4-base,935,2,down,True,1,935,0,2,0,3
0,4x4-base,936,1,down,False,0,935,0,1,0,2
0,4x4-base,936,2,down,True,1,936,0,2,0,3
0,4x4-base,937,1,down,False,0,936,0,1,0,2
0,4x4-base,937,2,down,True,1,937,0,2,0,3
0,4x4-base,938,1,down,False,0,937,0,1,0,2
0,4x4-base,938,2,down,True,1,938,0,2,0,3
0,4x4-base,939,1,down,False,0,938,0,1,0,2
0,4x4-base,939,2,down,True,1,939,0,2,0,3
0,4x4-base,940,1,down,False,0,939,0,1,0,2
0,4x4-base,940,2,down,True,1,940,0,2,0,3
0,4x4-base,941,1,down,False,0,940,0,1,0,2
0,4x4-base,941,2,down,True,1,941,0,2,0,3
0,4x4-base,942,1,down,False,0,941,0,1,0,2
0,4x4-base,942,2,down,True,1,942,0,2,0,3
0,4x4-base,943,1,down,False,0,942,0,1,0,2
0,4x4-base,943,2,down,True,1,943,0,2,0,3
0,4x4-base,944,1,down,False,0,943,0,1,0,2
0,4x4-base,944,2,down,True,1,944,0,2,0,3
0,4x4-base,945,1,down,False,0,944,0,1,0,2
0,4x4-base,945,2,down,True,1,945,0,2,0,3
0,4x4-base,946,1,down,False,0,945,0,1,0,2
0,4x4-base,946,2,down,True,1,946,0,2,0,3
0,4x4-base,947,1,down,False,0,946,0,1,0,2
0,4x4-base,947,2,down,True,1,947,0,2,0,3
0,4x4-base,948,1,down,False,0,947,0,1,0,2
0,4x4-base,948,2,down,True,1,948,0,2,0,3
0,4x4-base,949,1,down,False,0,948,0,1,0,2
0,4x4-base,949,2,down,True,1,949,0,2,0,3
0,4x4-base,950,1,down,False,0,949,0,1,0,2
0,4x4-base,950,2,down,True,1,950,0,2,0,3
0,4x4-base,951,1,down,False,0,950,0,1,0,2
0,4x4-base,951,2,down,True,1,951,0,2,0,3
0,4x4-base,952,1,down,False,0,951,0,1,0,2
0,4x4-base,952,2,down,True,1,952,0,2,0,3
0,4x4-base,953,1,down,False,0,952,0,1,0,2
0,4x4-base,953,2,down,True,1,953,0,2,0,3
0,4x4-base,954,1,down,False,0,953,0,1,0,2
0,4x4-base,954,2,down,True,1,954,0,2,0,3
0,4x4-base,955,1,down,False,0,954,0,1,0,2
0,4x4-base,955,2,down,True,1,955,0,2,0,3
0,4x4-base,956,1,down,False,0,955,0,1,0,2
0,4x4-base,956,2,down,True,1,956,0,2,0,3
0,4x4-base,957,1,down,False,0,956,0,1,0,2
0,4x4-base,957,2,down,True,1,957,0,2,0,3
0,4x4-base,958,1,down,False,0,957,0,1,0,2
0,4x4-base,958,2,down,True,1,958,0,2,0,3
0,4x4-base,959,1,down,False,0,958,0,1,0,2
0,4x4-base,959,2,down,True,1,959,0,2,0,3
0,4x4-base,960,1,down,False,0,959,0,1,0,2
0,4x4-base,960,2,down,True,1,960,0,2,0,3
0,4x4-base,961,1,down,False,0,960,0,1,0,2
0,4x4-base,961,2,down,True,1,961,0,2,0,3
0,4x4-base,962,1,down,False,0,961,0,1,0,2
0,4x4-base,962,2,down,True,1,962,0,2,0,3
0,4x4-base,963,1,down,False,0,962,0,1,0,2
0,4x4-base,963,2,down,True,1,963,0,2,0,3
0,4x4-base,964,1,down,False,0,963,0,1,0,2
0,4x4-base,964,2,down,True,1,964,0,2,0,3
0,4x4-base,965,1,down,False,0,964,0,1,0,2
0,4x4-base,965,2,down,True,1,965,0,2,0,3
0,4x4-base,966,1,down,False,0,965,0,1,0,2
0,4x4-base,966,2,down,True,1,966,0,2,0,3
0,4x4-base,967,1,down,False,0,966,0,1,0,2
0,4x4-base,967,2,down,True,1,967,0,2,0,3
0,4x4-base,968,1,down,False,0,967,0,1,0,2
0,4x4-base,968,2,down,True,1,968,0,2,0,3
0,4x4-base,969,1,down,False,0,968,0,1,0,2
0,4x4-base,969,2,down,True,1,969,0,2,0,3
0,4x4-base,970,1,down,False,0,969,0,1,0,2
0,4x4-base,970,2,down,True,1,970,0,2,0,3
0,4x4-base,971,1,down,False,0,970,0,1,0,2
0,4x4-base,971,2,down,True,1,971,0,2,0,3
0,4x4-base,972,1,down,False,0,971,0,1,0,2
0,4x4-base,972,2,down,True,1,972,0,2,0,3
0,4x4-base,973,1,down,False,0,972,0,1,0,2
0,4x4-base,973,2,down,True,1,973,0,2,0,3
0,4x4-base,974,1,down,False,0,973,0,1,0,2
0,4x4-base,974,2,down,True,1,974,0,2,0,3
0,4x4-base,975,1,down,False,0,974,0,1,0,2
0,4x4-base,975,2,down,True,1,975,0,2,0,3
0,4x4-base,976,1,down,False,0,975,0,1,0,2
0,4x4-base,976,2,down,True,1,976,0,2,0,3
0,4x4-base,977,1,down,False,0,976,0,1,0,2
0,4x4-base,977,2,down,True,1,977,0,2,0,3
0,4x4-base,978,1,down,False,0,977,0,1,0,2
0,4x4-base,978,2,down,True,1,978,0,2,0,3
0,4x4-base,979,1,down,False,0,978,0,1,0,2
0,4x4-base,979,2,down,True,1,979,0,2,0,3
0,4x4-base,980,1,down,False,0,979,0,1,0,2
0,4x4-base,980,2,down,True,1,980,0,2,0,3
0,4x4-base,981,1,down,False,0,980,0,1,0,2
0,4x4-base,981,2,down,True,1,981,0,2,0,3
0,4x4-base,982,1,down,False,0,981,0,1,0,2
0,4x4-base,982,2,down,True,1,982,0,2,0,3
0,4x4-base,983,1,down,False,0,982,0,1,0,2
0,4x4-base,983,2,down,True,1,983,0,2,0,3
0,4x4-base,984,1,down,False,0,983,0,1,0,2
0,4x4-base,984,2,down,True,1,984,0,2,0,3
0,4x4-base,985,1,down,False,0,984,0,1,0,2
0,4x4-base,985,2,down,True,1,985,0,2,0,3
0,4x4-base,986,1,down,False,0,985,0,1,0,2
0,4x4-base,986,2,down,True,1,986,0,2,0,3
0,4x4-base,987,1,down,False,0,986,0,1,0,2
0,4x4-base,987,2,down,True,1,987,0,2,0,3
0,4x4-base,988,1,down,False,0,987,0,1,0,2
0,4x4-base,988,2,down,True,1,988,0,2,0,3
0,4x4-base,989,1,down,False,0,988,0,1,0,2
0,4x4-base,989,2,down,True,1,989,0,2,0,3
0,4x4-base,990,1,down,False,0,989,0,1,0,2
0,4x4-base,990,2,down,True,1,990,0,2,0,3
0,4x4-base,991,1,down,False,0,990,0,1,0,2
0,4x4-base,991,2,down,True,1,991,0,2,0,3
0,4x4-base,992,1,down,False,0,991,0,1,0,2
0,4x4-base,992,2,down,True,1,992,0,2,0,3
0,4x4-base,993,1,down,False,0,992,0,1,0,2
0,4x4-base,993,2,down,True,1,993,0,2,0,3
0,4x4-base,994,1,down,False,0,993,0,1,0,2
0,4x4-base,994,2,down,True,1,994,0,2,0,3
0,4x4-base,995,1,down,False,0,994,0,1,0,2
0,4x4-base,995,2,down,True,1,995,0,2,0,3
0,4x4-base,996,1,down,False,0,995,0,1,0,2
0,4x4-base,996,2,down,True,1,996,0,2,0,3
0,4x4-base,997,1,down,False,0,996,0,1,0,2
0,4x4-base,997,2,down,True,1,997,0,2,0,3
0,4x4-base,998,1,down,False,0,997,0,1,0,2
0,4x4-base,998,2,down,True,1,998,0,2,0,3
0,4x4-base,999,1,down,False,0,998,0,1,0,2
0,4x4-base,999,2,down,True,1,999,0,2,0,3
0,4x4-base,1000,1,down,False,0,999,0,1,0,2
0,4x4-base,1000,2,down,True,1,1000,0,2,0,3
